# 3ds Max Wavefront OBJ Exporter v0.99 - (c)2007 guruware
# File Created: 09.11.2024 19:34:22

mtllib billNormal.mtl

#
# object pCylinder10
#

v  0.6644 -1.3894 -0.3106
v  0.6353 -1.3691 -0.3204
v  0.6081 -1.3903 -0.2464
v  0.6382 -1.4108 -0.2405
v  0.6014 -1.3652 -0.3343
v  0.5737 -1.3857 -0.2586
v  0.5704 -1.3786 -0.3489
v  0.5428 -1.3981 -0.2743
v  0.5495 -1.4064 -0.3611
v  0.5225 -1.4245 -0.2900
v  0.5434 -1.4420 -0.3680
v  0.5174 -1.4589 -0.3020
v  0.5535 -1.4774 -0.3680
v  0.5287 -1.4935 -0.3076
v  0.5775 -1.5045 -0.3611
v  0.5539 -1.5203 -0.3055
v  0.6099 -1.5170 -0.3489
v  0.5871 -1.5332 -0.2962
v  0.6433 -1.5120 -0.3342
v  0.6208 -1.5292 -0.2818
v  0.6701 -1.4908 -0.3204
v  0.6472 -1.5092 -0.2657
v  0.6840 -1.4582 -0.3106
v  0.6602 -1.4779 -0.2514
v  0.6819 -1.4216 -0.3071
v  0.6570 -1.4424 -0.2423
v  0.4045 -1.0129 0.2038
v  0.4412 -1.0129 0.2001
v  0.4412 -0.9417 0.2001
v  0.4045 -0.9417 0.2038
v  0.3704 -1.0129 0.1901
v  0.3704 -0.9417 0.1901
v  0.3465 -1.0129 0.1620
v  0.3465 -0.9417 0.1620
v  0.3384 -1.0129 0.1261
v  0.3384 -0.9417 0.1261
v  0.3480 -1.0129 0.0906
v  0.3480 -0.9417 0.0906
v  0.3729 -1.0129 0.0635
v  0.3729 -0.9417 0.0635
v  0.4076 -1.0129 0.0511
v  0.4076 -0.9417 0.0511
v  0.4441 -1.0129 0.0563
v  0.4441 -0.9417 0.0563
v  0.4739 -1.0129 0.0778
v  0.4739 -0.9417 0.0778
v  0.4904 -1.0129 0.1108
v  0.4904 -0.9417 0.1108
v  0.4897 -1.0129 0.1476
v  0.4897 -0.9417 0.1476
v  0.4719 -1.0129 0.1798
v  0.4719 -0.9417 0.1798
v  0.4045 -1.0841 0.2038
v  0.4412 -1.0841 0.2001
v  0.3704 -1.0841 0.1901
v  0.3465 -1.0841 0.1620
v  0.3384 -1.0841 0.1261
v  0.3480 -1.0841 0.0906
v  0.3729 -1.0841 0.0635
v  0.4076 -1.0841 0.0511
v  0.4441 -1.0841 0.0563
v  0.4739 -1.0841 0.0778
v  0.4904 -1.0841 0.1108
v  0.4897 -1.0841 0.1476
v  0.4719 -1.0841 0.1798
v  0.4045 -1.1553 0.2038
v  0.4412 -1.1553 0.2001
v  0.3704 -1.1553 0.1901
v  0.3465 -1.1553 0.1620
v  0.3384 -1.1553 0.1261
v  0.3480 -1.1553 0.0906
v  0.3729 -1.1553 0.0635
v  0.4076 -1.1553 0.0511
v  0.4441 -1.1553 0.0563
v  0.4739 -1.1553 0.0778
v  0.4904 -1.1553 0.1108
v  0.4897 -1.1553 0.1476
v  0.4719 -1.1553 0.1798
v  0.4045 -1.2266 0.2038
v  0.4412 -1.2266 0.2001
v  0.3704 -1.2266 0.1901
v  0.3465 -1.2266 0.1620
v  0.3384 -1.2266 0.1261
v  0.3480 -1.2266 0.0906
v  0.3729 -1.2266 0.0635
v  0.4076 -1.2266 0.0511
v  0.4441 -1.2266 0.0563
v  0.4739 -1.2266 0.0778
v  0.4904 -1.2266 0.1108
v  0.4897 -1.2266 0.1476
v  0.4719 -1.2266 0.1798
v  0.4045 -1.2978 0.2038
v  0.4412 -1.2978 0.2001
v  0.3704 -1.2978 0.1901
v  0.3465 -1.2978 0.1620
v  0.3384 -1.2978 0.1261
v  0.3480 -1.2978 0.0906
v  0.3729 -1.2978 0.0635
v  0.4076 -1.2978 0.0511
v  0.4441 -1.2978 0.0563
v  0.4739 -1.2978 0.0778
v  0.4904 -1.2978 0.1108
v  0.4897 -1.2978 0.1476
v  0.4719 -1.2978 0.1798
v  0.4045 -1.3690 0.2038
v  0.4412 -1.3690 0.2001
v  0.3704 -1.3690 0.1901
v  0.3465 -1.3690 0.1620
v  0.3384 -1.3690 0.1261
v  0.3480 -1.3690 0.0906
v  0.3729 -1.3690 0.0635
v  0.4076 -1.3690 0.0511
v  0.4441 -1.3690 0.0563
v  0.4739 -1.3690 0.0778
v  0.4904 -1.3690 0.1108
v  0.4897 -1.3690 0.1476
v  0.4719 -1.3690 0.1798
v  0.4048 -1.4402 0.2029
v  0.4414 -1.4402 0.1992
v  0.3706 -1.4402 0.1891
v  0.3468 -1.4402 0.1611
v  0.3387 -1.4402 0.1251
v  0.3482 -1.4402 0.0896
v  0.3732 -1.4402 0.0625
v  0.4079 -1.4402 0.0501
v  0.4443 -1.4402 0.0553
v  0.4742 -1.4402 0.0768
v  0.4907 -1.4402 0.1098
v  0.4899 -1.4402 0.1466
v  0.4722 -1.4402 0.1789
v  0.4226 -1.5191 0.1808
v  0.4579 -1.5096 0.1766
v  0.3878 -1.5213 0.1691
v  0.3614 -1.5157 0.1441
v  0.3495 -1.5035 0.1114
v  0.3548 -1.4875 0.0787
v  0.3761 -1.4714 0.0533
v  0.4085 -1.4589 0.0412
v  0.4446 -1.4528 0.0450
v  0.4762 -1.4546 0.0640
v  0.4959 -1.4638 0.0937
v  0.4993 -1.4783 0.1273
v  0.4856 -1.4948 0.1573
v  0.4409 -1.5817 0.1318
v  0.4736 -1.5648 0.1323
v  0.4066 -1.5860 0.1191
v  0.3786 -1.5767 0.0970
v  0.3633 -1.5560 0.0707
v  0.3641 -1.5286 0.0462
v  0.3810 -1.5007 0.0290
v  0.4100 -1.4788 0.0232
v  0.4445 -1.4679 0.0300
v  0.4766 -1.4704 0.0479
v  0.4989 -1.4859 0.0728
v  0.5064 -1.5107 0.0990
v  0.4972 -1.5392 0.1204
v  0.4802 -1.6178 0.0422
v  0.5087 -1.5973 0.0534
v  0.4466 -1.6217 0.0278
v  0.4155 -1.6081 0.0134
v  0.3941 -1.5803 0.0024
v  0.3873 -1.5444 -0.0027
v  0.3966 -1.5089 -0.0007
v  0.4199 -1.4817 0.0078
v  0.4520 -1.4692 0.0210
v  0.4853 -1.4741 0.0358
v  0.5123 -1.4955 0.0489
v  0.5269 -1.5283 0.0572
v  0.5256 -1.5650 0.0588
v  0.5202 -1.6037 -0.0259
v  0.5466 -1.5838 -0.0097
v  0.4865 -1.6077 -0.0403
v  0.4533 -1.5948 -0.0496
v  0.4281 -1.5680 -0.0517
v  0.4168 -1.5334 -0.0461
v  0.4218 -1.4990 -0.0341
v  0.4422 -1.4726 -0.0184
v  0.4731 -1.4603 -0.0027
v  0.5075 -1.4648 0.0095
v  0.5376 -1.4853 0.0154
v  0.5564 -1.5169 0.0136
v  0.5596 -1.5524 0.0045
v  0.5453 -1.5851 -0.0899
v  0.5717 -1.5651 -0.0737
v  0.5117 -1.5891 -0.1043
v  0.4784 -1.5762 -0.1136
v  0.4533 -1.5494 -0.1157
v  0.4419 -1.5148 -0.1101
v  0.4470 -1.4804 -0.0981
v  0.4673 -1.4540 -0.0824
v  0.4982 -1.4416 -0.0666
v  0.5327 -1.4462 -0.0544
v  0.5627 -1.4667 -0.0486
v  0.5816 -1.4983 -0.0504
v  0.5848 -1.5338 -0.0595
v  0.5705 -1.5664 -0.1539
v  0.5969 -1.5465 -0.1377
v  0.5368 -1.5704 -0.1683
v  0.5036 -1.5575 -0.1776
v  0.4784 -1.5307 -0.1797
v  0.4671 -1.4962 -0.1741
v  0.4722 -1.4617 -0.1620
v  0.4925 -1.4353 -0.1464
v  0.5234 -1.4230 -0.1306
v  0.5578 -1.4276 -0.1184
v  0.5879 -1.4480 -0.1126
v  0.6067 -1.4796 -0.1144
v  0.6099 -1.5152 -0.1234
v  0.5956 -1.5478 -0.2179
v  0.6220 -1.5279 -0.2017
v  0.5620 -1.5518 -0.2323
v  0.5287 -1.5389 -0.2416
v  0.5036 -1.5121 -0.2437
v  0.4922 -1.4775 -0.2380
v  0.4973 -1.4431 -0.2260
v  0.5176 -1.4167 -0.2104
v  0.5486 -1.4044 -0.1946
v  0.5830 -1.4090 -0.1824
v  0.6131 -1.4294 -0.1765
v  0.6319 -1.4610 -0.1783
v  0.6351 -1.4965 -0.1874
v  0.6864 -1.3829 -0.3759
v  0.6611 -1.3672 -0.3896
v  0.6268 -1.3629 -0.4025
v  0.5934 -1.3756 -0.4110
v  0.5683 -1.4025 -0.4133
v  0.5574 -1.4374 -0.4087
v  0.5632 -1.4723 -0.3984
v  0.5843 -1.4992 -0.3847
v  0.6159 -1.5119 -0.3707
v  0.6508 -1.5075 -0.3597
v  0.6809 -1.4871 -0.3542
v  0.6994 -1.4553 -0.3554
v  0.7021 -1.4159 -0.3630
v  0.7023 -1.3837 -0.4236
v  0.6800 -1.3692 -0.4380
v  0.6436 -1.3655 -0.4541
v  0.6129 -1.3735 -0.4665
v  0.5912 -1.4026 -0.4819
v  0.5743 -1.4414 -0.4558
v  0.5745 -1.4732 -0.4235
v  0.5940 -1.4968 -0.4031
v  0.6245 -1.5068 -0.3850
v  0.6590 -1.5009 -0.3734
v  0.6895 -1.4805 -0.3709
v  0.7132 -1.4502 -0.3934
v  0.7199 -1.4135 -0.4178
v  0.5868 -1.5154 -0.4812
v  0.5747 -1.5504 -0.4574
v  0.5745 -1.5822 -0.4235
v  0.5940 -1.6058 -0.4031
v  0.6245 -1.6158 -0.3850
v  0.6590 -1.6099 -0.3734
v  0.6895 -1.5895 -0.3709
v  0.7126 -1.5592 -0.3910
v  0.7195 -1.5203 -0.4194
v  0.5749 -1.6473 -0.4582
v  0.5873 -1.6154 -0.4818
v  0.5921 -1.7179 -0.4760
v  0.5818 -1.7162 -0.4500
v  0.5745 -1.6791 -0.4235
v  0.5940 -1.7027 -0.4031
v  0.6028 -1.7641 -0.4366
v  0.6245 -1.7127 -0.3850
v  0.6333 -1.7796 -0.4201
v  0.6590 -1.7068 -0.3734
v  0.6668 -1.7747 -0.4057
v  0.6895 -1.6864 -0.3709
v  0.6956 -1.7536 -0.3964
v  0.7126 -1.6561 -0.3910
v  0.7130 -1.7212 -0.3945
v  0.7227 -1.6154 -0.4202
v  0.7222 -1.7148 -0.4219
v  0.6126 -1.7601 -0.4659
v  0.6434 -1.7766 -0.4439
v  0.6780 -1.7719 -0.4284
v  0.7049 -1.7541 -0.4219
v  0.7065 -1.3984 -0.4406
v  0.6841 -1.3810 -0.4551
v  0.6476 -1.3782 -0.4712
v  0.6170 -1.3880 -0.4835
v  0.6852 -1.6131 -0.4548
v  0.7075 -1.6131 -0.4403
v  0.7089 -1.7170 -0.4401
v  0.6841 -1.7170 -0.4519
v  0.6491 -1.6131 -0.4723
v  0.6509 -1.7170 -0.4672
v  0.6180 -1.6131 -0.4833
v  0.6170 -1.7170 -0.4807
v  0.7054 -1.5062 -0.4409
v  0.6830 -1.4997 -0.4554
v  0.6466 -1.4981 -0.4715
v  0.6159 -1.5016 -0.4838
v  -1.3065 -0.9152 0.2671
v  -1.3251 -0.9551 0.2574
v  1.3221 -0.9551 0.2574
v  1.3034 -0.9152 0.2671
v  -0.3140 -0.5745 0.2802
v  -0.3216 -0.5755 0.2802
v  -0.3212 -0.5751 0.2585
v  -0.3132 -0.5741 0.2585
v  -0.3281 -0.5714 0.2802
v  -0.3280 -0.5709 0.2585
v  -0.3307 -0.5642 0.2802
v  -0.3307 -0.5633 0.2585
v  -0.3153 -0.5579 0.2942
v  -0.3149 -0.5663 0.2923
v  -0.0099 -0.4135 0.2923
v  -0.0184 -0.4089 0.2942
v  -0.3144 -0.5724 0.2872
v  -0.0012 -0.4170 0.2874
v  -0.0012 -0.4185 0.2807
v  -0.3286 -0.5637 0.2872
v  -0.3286 -0.2542 0.2872
v  -0.3307 -0.2537 0.2802
v  -0.3229 -0.5614 0.2923
v  -0.3229 -0.2565 0.2923
v  -0.3153 -0.2600 0.2942
v  -0.0099 -0.4044 0.2923
v  -0.3149 -0.2516 0.2923
v  -0.0012 -0.4009 0.2874
v  -0.3144 -0.2455 0.2872
v  -0.0012 -0.3994 0.2807
v  -0.3140 -0.2434 0.2802
v  -0.3281 -0.2465 0.2802
v  -0.3280 -0.2470 0.2585
v  -0.3307 -0.2546 0.2585
v  -0.3216 -0.2424 0.2802
v  -0.3212 -0.2427 0.2585
v  -0.3132 -0.2437 0.2585
v  -0.0012 -0.3987 0.2585
v  -0.0012 -0.4192 0.2585
v  -0.3270 -0.5701 0.2862
v  -0.3208 -0.5739 0.2862
v  -0.3215 -0.5680 0.2913
v  -0.0012 -0.4089 0.2913
v  -0.3208 -0.2440 0.2862
v  -0.3270 -0.2478 0.2862
v  -0.3215 -0.2499 0.2913
v  0.3282 -0.5642 0.2802
v  0.3257 -0.5714 0.2802
v  0.3256 -0.5709 0.2585
v  0.3282 -0.5633 0.2585
v  0.3191 -0.5755 0.2802
v  0.3187 -0.5751 0.2585
v  0.3115 -0.5745 0.2802
v  0.3107 -0.5741 0.2585
v  0.3128 -0.5579 0.2942
v  0.3205 -0.5614 0.2923
v  0.3205 -0.2565 0.2923
v  0.3128 -0.2600 0.2942
v  0.3261 -0.5637 0.2872
v  0.3261 -0.2542 0.2872
v  0.3282 -0.2537 0.2802
v  0.3120 -0.5724 0.2872
v  0.3125 -0.5663 0.2923
v  0.0074 -0.4135 0.2923
v  0.0160 -0.4089 0.2942
v  0.3120 -0.2455 0.2872
v  0.3115 -0.2434 0.2802
v  0.0074 -0.4044 0.2923
v  0.3125 -0.2516 0.2923
v  0.3191 -0.2424 0.2802
v  0.3187 -0.2427 0.2585
v  0.3107 -0.2437 0.2585
v  0.3257 -0.2465 0.2802
v  0.3256 -0.2470 0.2585
v  0.3282 -0.2546 0.2585
v  0.3184 -0.5739 0.2862
v  0.3246 -0.5701 0.2862
v  0.3191 -0.5680 0.2913
v  0.3246 -0.2478 0.2862
v  0.3184 -0.2440 0.2862
v  0.3191 -0.2499 0.2913
v  1.3071 0.6526 0.1975
v  1.3438 0.6696 0.1448
v  1.2935 0.6641 0.1157
v  1.2491 0.6564 0.1655
v  1.3472 0.6517 0.2159
v  1.3805 0.6711 0.1666
v  1.3847 0.6484 0.2227
v  1.4161 0.6706 0.1839
v  1.4378 0.6686 0.1941
v  1.4165 0.6472 0.2193
v  1.4463 0.6521 0.2125
v  1.3131 0.6621 0.0998
v  1.3532 0.6708 0.1278
v  1.3899 0.6715 0.1497
v  1.4259 0.6709 0.1692
v  1.4468 0.6717 0.1787
v  1.3747 0.6750 0.0952
v  1.3372 0.6703 0.0734
v  1.3510 0.6795 0.0584
v  1.3844 0.6808 0.0792
v  1.3406 0.6750 0.0489
v  1.3255 0.6646 0.0628
v  1.4106 0.6732 0.1181
v  1.4097 0.6787 0.0897
v  1.4268 0.6776 0.1079
v  1.4442 0.6679 0.1395
v  1.4571 0.6682 0.1280
v  1.4624 0.6671 0.1497
v  1.4728 0.6607 0.1361
v  1.0831 0.8281 0.0547
v  1.0691 0.8202 0.0410
v  1.0766 0.7960 0.0472
v  1.0932 0.8041 0.0626
v  1.0697 0.8249 0.0352
v  1.0819 0.8326 0.0478
v  1.1038 0.8314 0.0518
v  1.1148 0.8071 0.0607
v  1.1003 0.8339 0.0464
v  1.1057 0.8324 0.0066
v  1.0970 0.8247 -0.0038
v  1.0820 0.8209 0.0073
v  1.1157 0.8338 0.0165
v  1.1026 0.8197 -0.0064
v  1.1121 0.8277 0.0043
v  1.0846 0.8165 0.0056
v  1.1221 0.8312 0.0169
v  1.0932 0.7921 0.0097
v  1.1108 0.7532 0.0208
v  1.0925 0.7558 0.0593
v  1.1051 0.7639 0.0720
v  1.1260 0.7671 0.0695
v  1.1252 0.8028 0.0109
v  1.1130 0.7952 -0.0013
v  1.1359 0.8061 0.0243
v  1.1338 0.7133 0.0355
v  1.1156 0.7156 0.0776
v  1.1279 0.7241 0.0901
v  1.1492 0.7278 0.0867
v  1.1441 0.7634 0.0234
v  1.1326 0.7563 0.0108
v  1.1522 0.7664 0.0360
v  1.1563 0.6794 0.0503
v  1.1413 0.6824 0.0934
v  1.1569 0.6908 0.1082
v  1.1791 0.6942 0.1056
v  1.1686 0.7246 0.0389
v  1.1569 0.7168 0.0255
v  1.1758 0.7278 0.0516
v  1.1904 0.6484 0.0683
v  1.1764 0.6528 0.1156
v  1.1908 0.6635 0.1328
v  1.2129 0.6685 0.1310
v  1.1931 0.6908 0.0547
v  1.1796 0.6829 0.0405
v  1.2016 0.6939 0.0681
v  1.2370 0.6050 0.0835
v  1.2179 0.6159 0.1396
v  1.2397 0.6275 0.1736
v  1.2448 0.6567 0.0675
v  1.2153 0.6532 0.0566
v  1.2505 0.6679 0.0888
v  1.4340 0.9185 -0.0643
v  1.4063 0.9175 -0.0781
v  1.4047 0.8795 -0.0594
v  1.4326 0.8797 -0.0452
v  1.4114 0.9212 -0.0859
v  1.4372 0.9220 -0.0728
v  1.4053 0.9172 -0.0915
v  1.3998 0.9139 -0.0877
v  1.3981 0.8755 -0.0708
v  1.4512 0.9158 -0.0623
v  1.4489 0.8761 -0.0440
v  1.4497 0.9188 -0.0693
v  1.4610 0.9045 -0.1000
v  1.4290 0.9034 -0.1162
v  1.4364 0.8962 -0.1238
v  1.4660 0.8969 -0.1076
v  1.4177 0.9015 -0.1196
v  1.4751 0.9034 -0.0901
v  1.4392 0.8870 -0.1255
v  1.4695 0.8876 -0.1076
v  1.4808 0.8967 -0.0825
v  1.4111 0.8944 -0.1195
v  1.4133 0.8557 -0.1092
v  1.3987 0.8121 -0.0531
v  1.4050 0.8156 -0.0412
v  1.4278 0.8138 -0.0268
v  1.4401 0.8098 -0.0257
v  1.4691 0.8486 -0.0948
v  1.4422 0.8488 -0.1138
v  1.4761 0.8566 -0.0682
v  1.4125 0.7956 -0.0884
v  1.3862 0.7591 -0.0271
v  1.3927 0.7621 -0.0157
v  1.4150 0.7600 -0.0001
v  1.4271 0.7564 0.0018
v  1.4576 0.7926 -0.0711
v  1.4361 0.7924 -0.0889
v  1.4629 0.7972 -0.0476
v  1.3961 0.7429 -0.0570
v  1.3696 0.7225 0.0056
v  1.3762 0.7254 0.0169
v  1.3987 0.7244 0.0324
v  1.4110 0.7210 0.0339
v  1.4407 0.7412 -0.0411
v  1.4183 0.7400 -0.0575
v  1.4484 0.7463 -0.0192
v  1.3792 0.7039 -0.0247
v  1.3521 0.6895 0.0343
v  1.3608 0.6930 0.0442
v  1.3890 0.6930 0.0627
v  1.4032 0.6900 0.0663
v  1.4242 0.6946 -0.0120
v  1.4013 0.6951 -0.0269
v  1.4326 0.7035 0.0104
v  1.3581 0.6629 0.0092
v  1.4098 0.6528 0.0181
v  1.3835 0.6516 0.0043
v  1.4199 0.6662 0.0403
v  1.4198 0.6421 0.0457
v  1.4050 0.6358 0.0326
v  1.3448 0.6324 0.0373
v  1.3725 0.6255 0.0269
v  1.4227 0.6587 0.0521
v  1.3189 0.6303 0.0520
v  1.6530 0.9118 0.0461
v  1.6452 0.8803 0.0553
v  1.6685 0.8691 0.0667
v  1.6753 0.9012 0.0579
v  1.6572 0.9190 0.0350
v  1.6802 0.9079 0.0476
v  1.6510 0.9185 0.0292
v  1.6456 0.9146 0.0350
v  1.6370 0.8840 0.0433
v  1.6798 0.8618 0.0637
v  1.6868 0.8936 0.0560
v  1.6885 0.8993 0.0486
v  1.6855 0.8789 0.0064
v  1.6670 0.8910 -0.0021
v  1.6666 0.8814 -0.0201
v  1.6841 0.8684 -0.0122
v  1.6598 0.8871 -0.0159
v  1.6578 0.8985 -0.0083
v  1.6978 0.8717 0.0096
v  1.6615 0.8700 -0.0206
v  1.6780 0.8561 -0.0137
v  1.6510 0.8399 -0.0145
v  1.6687 0.8244 -0.0074
v  1.6433 0.8526 -0.0098
v  1.6546 0.8810 -0.0155
v  1.6965 0.8612 0.0155
v  1.6873 0.8302 0.0214
v  1.6489 0.8948 -0.0045
v  1.6378 0.8673 0.0010
v  1.6276 0.8380 0.0450
v  1.6353 0.8345 0.0561
v  1.5911 0.7866 0.0574
v  1.5979 0.7839 0.0678
v  1.6573 0.8247 0.0666
v  1.6198 0.7737 0.0776
v  1.6674 0.8183 0.0639
v  1.6295 0.7669 0.0753
v  1.6385 0.8008 -0.0032
v  1.6548 0.7870 0.0038
v  1.6319 0.8124 -0.0003
v  1.6711 0.7916 0.0276
v  1.6277 0.8255 0.0079
v  1.5964 0.7644 0.0164
v  1.5928 0.7747 0.0231
v  1.5453 0.7439 0.0781
v  1.5508 0.7426 0.0876
v  1.5688 0.7314 0.0960
v  1.5776 0.7230 0.0936
v  1.6179 0.7406 0.0224
v  1.6035 0.7541 0.0140
v  1.6295 0.7434 0.0441
v  1.5496 0.7206 0.0356
v  1.5455 0.7291 0.0438
v  1.4994 0.7163 0.0939
v  1.5048 0.7149 0.1039
v  1.5224 0.7009 0.1126
v  1.5323 0.6907 0.1106
v  1.5713 0.6981 0.0394
v  1.5567 0.7116 0.0315
v  1.5813 0.6996 0.0632
v  1.4954 0.6910 0.0445
v  1.4923 0.7001 0.0542
v  1.4444 0.6886 0.0951
v  1.4523 0.6878 0.1067
v  1.4778 0.6747 0.1220
v  1.4896 0.6648 0.1246
v  1.5218 0.6676 0.0518
v  1.5021 0.6818 0.0410
v  1.5378 0.6674 0.0799
v  1.4438 0.6595 0.0478
v  1.4404 0.6685 0.0556
v  1.4744 0.6392 0.0659
v  1.4516 0.6519 0.0478
v  1.4322 0.6372 0.0524
v  1.4534 0.6261 0.0733
v  1.4913 0.6389 0.0995
v  1.4690 0.6268 0.1098
v  1.4723 0.6396 0.1312
v  1.6413 0.7647 0.2888
v  1.6519 0.7812 0.2913
v  1.6256 0.7934 0.2809
v  1.6154 0.7820 0.2788
v  1.6415 0.8196 0.2774
v  1.6662 0.8107 0.2841
v  1.6557 0.7561 0.2853
v  1.6680 0.7494 0.2764
v  1.6793 0.7703 0.2788
v  1.6667 0.7750 0.2878
v  1.6885 0.7993 0.2756
v  1.6805 0.8048 0.2813
v  1.6642 0.8221 0.2693
v  1.6392 0.8238 0.2668
v  1.6754 0.8149 0.2680
v  1.6951 0.7997 0.2647
v  1.6656 0.8243 0.2415
v  1.6405 0.8257 0.2335
v  1.6506 0.8171 0.2273
v  1.6986 0.8000 0.2327
v  1.6772 0.8165 0.2423
v  1.6853 0.8070 0.2170
v  1.6696 0.8144 0.2142
v  1.6562 0.7853 0.2056
v  1.6279 0.7970 0.2176
v  1.6176 0.7873 0.2169
v  1.6459 0.7704 0.2050
v  1.6737 0.7764 0.2097
v  1.6927 0.7666 0.2251
v  1.6633 0.7567 0.2091
v  1.6814 0.7428 0.2310
v  1.6874 0.7678 0.2643
v  1.6758 0.7461 0.2621
v  1.6201 0.7994 0.2323
v  1.6099 0.7906 0.2313
v  1.6088 0.7876 0.2651
v  1.6189 0.7974 0.2668
v  1.6131 0.7366 0.2794
v  1.5903 0.7487 0.2715
v  1.6254 0.7306 0.2758
v  1.6356 0.7258 0.2673
v  1.5920 0.7544 0.2163
v  1.6172 0.7427 0.2039
v  1.6291 0.7337 0.2057
v  1.6427 0.7230 0.2244
v  1.5850 0.7562 0.2294
v  1.6415 0.7235 0.2542
v  1.5843 0.7531 0.2595
v  1.5784 0.7084 0.2668
v  1.5594 0.7213 0.2592
v  1.5876 0.7005 0.2631
v  1.5941 0.6942 0.2543
v  1.5593 0.7295 0.2039
v  1.5755 0.7159 0.1919
v  1.5834 0.7081 0.1923
v  1.5935 0.6956 0.2089
v  1.5543 0.7311 0.2170
v  1.5962 0.6916 0.2400
v  1.5542 0.7261 0.2472
v  1.5433 0.6798 0.2415
v  1.5304 0.7003 0.2337
v  1.5514 0.6694 0.2388
v  1.5589 0.6621 0.2315
v  1.5385 0.7055 0.1873
v  1.5541 0.6873 0.1779
v  1.5612 0.6790 0.1783
v  1.5684 0.6666 0.1927
v  1.5327 0.7096 0.1981
v  1.5643 0.6605 0.2195
v  1.5283 0.7067 0.2234
v  1.5111 0.6625 0.2244
v  1.4967 0.6809 0.2129
v  1.5201 0.6529 0.2228
v  1.5283 0.6457 0.2160
v  1.5052 0.6799 0.1647
v  1.5206 0.6615 0.1588
v  1.5278 0.6542 0.1607
v  1.5364 0.6451 0.1768
v  1.4991 0.6848 0.1750
v  1.5339 0.6428 0.2041
v  1.4943 0.6854 0.2014
v  1.4606 0.6364 0.2104
v  1.4703 0.6271 0.2003
v  1.4764 0.6296 0.1430
v  1.4824 0.6216 0.1587
v  1.4772 0.6218 0.1849
v  0.7081 0.1519 0.0861
v  0.8065 0.1120 0.0937
v  0.8012 0.0929 0.0808
v  0.7023 0.1314 0.0733
v  0.5895 0.1774 0.0646
v  0.5952 0.1978 0.0774
v  0.7942 0.0707 0.0792
v  0.6948 0.1078 0.0718
v  0.5820 0.1538 0.0631
v  0.7870 0.0493 0.0894
v  0.6872 0.0865 0.0819
v  0.5744 0.1325 0.0732
v  0.7813 0.0351 0.1089
v  0.6813 0.0723 0.1014
v  0.5685 0.1183 0.0927
v  0.7784 0.0299 0.1334
v  0.6784 0.0686 0.1257
v  0.5656 0.1146 0.1170
v  0.7791 0.0360 0.1571
v  0.6792 0.0761 0.1494
v  0.5664 0.1221 0.1407
v  0.7830 0.0531 0.1746
v  0.6834 0.0931 0.1669
v  0.5706 0.1391 0.1582
v  0.7894 0.0759 0.1819
v  0.6903 0.1158 0.1742
v  0.5774 0.1618 0.1655
v  0.7968 0.0991 0.1774
v  0.6980 0.1389 0.1698
v  0.5852 0.1849 0.1611
v  0.7987 0.1174 0.1596
v  0.7003 0.1572 0.1520
v  0.5875 0.2032 0.1433
v  0.8093 0.1267 0.1352
v  0.7111 0.1664 0.1276
v  0.5982 0.2124 0.1189
v  0.9335 0.0662 0.1030
v  0.8763 0.0845 0.0990
v  0.8783 0.0995 0.1404
v  0.9347 0.0815 0.1444
v  0.8722 0.0695 0.0859
v  0.9307 0.0537 0.0899
v  0.8665 0.0513 0.0842
v  0.9266 0.0381 0.0881
v  0.8605 0.0296 0.0945
v  0.9220 0.0161 0.0986
v  0.8556 0.0153 0.1141
v  0.9180 0.0016 0.1183
v  0.8529 0.0057 0.1389
v  0.9155 -0.0109 0.1433
v  0.8531 0.0076 0.1629
v  0.9152 -0.0117 0.1675
v  0.8562 0.0250 0.1803
v  0.9172 0.0060 0.1848
v  0.8613 0.0481 0.1875
v  0.9210 0.0294 0.1918
v  0.8674 0.0716 0.1828
v  0.9256 0.0533 0.1870
v  0.8683 0.0901 0.1649
v  0.9253 0.0720 0.1689
v  1.0536 0.0486 0.1097
v  0.9943 0.0538 0.1067
v  0.9949 0.0693 0.1480
v  1.0530 0.0644 0.1507
v  0.9923 0.0382 0.0939
v  1.0532 0.0287 0.0974
v  0.9891 0.0195 0.0925
v  1.0518 0.0057 0.0966
v  0.9854 -0.0026 0.1031
v  1.0498 -0.0163 0.1074
v  0.9821 -0.0172 0.1229
v  1.0476 -0.0307 0.1273
v  0.9799 -0.0267 0.1478
v  1.0458 -0.0357 0.1519
v  0.9793 -0.0245 0.1717
v  1.0447 -0.0291 0.1754
v  0.9806 -0.0066 0.1888
v  1.0446 -0.0112 0.1924
v  0.9834 0.0170 0.1957
v  1.0456 0.0124 0.1990
v  0.9870 0.0410 0.1907
v  1.0474 0.0364 0.1938
v  0.9859 0.0599 0.1726
v  1.0448 0.0551 0.1754
v  1.1536 0.0653 0.1118
v  1.1064 0.0520 0.1114
v  1.1033 0.0679 0.1521
v  1.1473 0.0810 0.1522
v  1.1095 0.0308 0.0997
v  1.1615 0.0454 0.1006
v  1.1122 0.0068 0.0994
v  1.1697 0.0230 0.1010
v  1.1139 -0.0147 0.1107
v  1.1764 0.0032 0.1129
v  1.1143 -0.0287 0.1309
v  1.1800 -0.0095 0.1334
v  1.1131 -0.0319 0.1555
v  1.1798 -0.0121 0.1581
v  1.1108 -0.0237 0.1787
v  1.1757 -0.0040 0.1811
v  1.1077 -0.0059 0.1953
v  1.1688 0.0129 0.1972
v  1.1047 0.0173 0.2014
v  1.1605 0.0347 0.2028
v  1.1025 0.0408 0.1957
v  1.1528 0.0565 0.1965
v  1.0967 0.0590 0.1770
v  1.1428 0.0732 0.1773
v  1.2322 0.1265 0.1100
v  1.1963 0.0902 0.1110
v  1.1863 0.1047 0.1509
v  1.2191 0.1391 0.1497
v  1.2093 0.0732 0.1004
v  1.2497 0.1133 0.0997
v  1.2235 0.0545 0.1013
v  1.2691 0.0992 0.1011
v  1.2357 0.0384 0.1137
v  1.2859 0.0875 0.1137
v  1.2430 0.0285 0.1346
v  1.2963 0.0808 0.1348
v  1.2437 0.0271 0.1592
v  1.2979 0.0807 0.1596
v  1.2378 0.0346 0.1820
v  1.2904 0.0871 0.1822
v  1.2266 0.0491 0.1977
v  1.2754 0.0987 0.1976
v  1.2126 0.0675 0.2027
v  1.2564 0.1128 0.2022
v  1.1990 0.0855 0.1959
v  1.2378 0.1261 0.1950
v  1.1843 0.0989 0.1762
v  1.2191 0.1355 0.1751
v  1.2783 0.2338 0.1105
v  1.2593 0.1742 0.1100
v  1.2442 0.1843 0.1496
v  1.2620 0.2412 0.1502
v  1.2793 0.1647 0.0997
v  1.2998 0.2277 0.1001
v  1.3016 0.1549 0.1010
v  1.3235 0.2217 0.1014
v  1.3210 0.1471 0.1137
v  1.3441 0.2172 0.1140
v  1.3331 0.1431 0.1348
v  1.3569 0.2154 0.1351
v  1.3351 0.1437 0.1595
v  1.3590 0.2165 0.1597
v  1.3266 0.1489 0.1822
v  1.3497 0.2203 0.1824
v  1.3094 0.1575 0.1975
v  1.3314 0.2260 0.1978
v  1.2876 0.1674 0.2021
v  1.3082 0.2322 0.2025
v  1.2661 0.1764 0.1949
v  1.2853 0.2376 0.1954
v  1.2452 0.1825 0.1750
v  1.2634 0.2408 0.1755
v  1.2972 0.3840 0.1122
v  1.2791 0.3876 0.1517
v  1.3197 0.3824 0.1020
v  1.3444 0.3816 0.1035
v  1.3655 0.3815 0.1163
v  1.3784 0.3824 0.1375
v  1.3799 0.3839 0.1622
v  1.3699 0.3858 0.1848
v  1.3504 0.3875 0.2000
v  1.3261 0.3888 0.2045
v  1.3025 0.3892 0.1971
v  1.2803 0.3888 0.1771
v  1.2999 0.5255 0.1113
v  1.2801 0.5288 0.1540
v  1.3242 0.5245 0.1004
v  1.3511 0.5244 0.1021
v  1.3739 0.5250 0.1160
v  1.3874 0.5262 0.1386
v  1.3890 0.5279 0.1652
v  1.3778 0.5296 0.1889
v  1.3568 0.5309 0.2046
v  1.3314 0.5315 0.2094
v  1.3059 0.5313 0.2016
v  1.2818 0.5304 0.1808
v  1.2757 0.5914 0.0897
v  1.3226 0.5918 0.0644
v  1.3696 0.5902 0.0645
v  1.4013 0.5910 0.0878
v  1.4321 0.5959 0.1330
v  1.4277 0.5967 0.1710
v  1.4102 0.5981 0.2013
v  1.3690 0.5998 0.2265
v  1.3355 0.6009 0.2310
v  1.2939 0.6024 0.2171
v  1.2537 0.5996 0.1885
v  1.2449 0.5927 0.1524
v  1.3272 0.6067 0.0541
v  1.3708 0.6135 0.0386
v  1.4034 0.6241 0.0434
v  1.4355 0.6143 0.0779
v  1.4577 0.6179 0.1247
v  1.4524 0.6104 0.1490
v  1.4405 0.6086 0.1727
v  1.4291 0.6127 0.1953
v  1.3725 0.6142 0.2292
v  1.4050 0.6131 0.2116
v  1.3378 0.6157 0.2307
v  1.2944 0.6184 0.2141
v  1.4322 0.6275 0.2103
v  1.4177 0.6273 0.0530
v  1.2947 0.6096 0.0741
v  1.2639 0.6594 0.0840
v  1.2838 0.6601 0.0918
v  1.3027 0.6561 0.0759
v  1.2785 0.6495 0.0743
v  1.2581 0.6385 0.0691
v  1.2618 0.6165 0.0715
v  1.2850 0.6380 0.0701
v  1.2986 0.6350 0.0686
v  1.3103 0.6378 0.0604
v  0.1370 1.7907 0.0539
v  0.0903 1.7907 0.0012
v  0.0903 1.8057 0.0012
v  0.1370 1.8057 0.0539
v  0.0244 1.7907 -0.0237
v  0.0244 1.8057 -0.0237
v  -0.0455 1.7907 -0.0153
v  -0.0455 1.8057 -0.0153
v  -0.1034 1.7907 0.0247
v  -0.1034 1.8057 0.0247
v  -0.1362 1.7907 0.0871
v  -0.1362 1.8057 0.0871
v  -0.1362 1.7907 0.1575
v  -0.1362 1.8057 0.1575
v  -0.1034 1.7907 0.2199
v  -0.1034 1.8057 0.2199
v  -0.0455 1.7907 0.2599
v  -0.0455 1.8057 0.2599
v  0.0244 1.7907 0.2684
v  0.0244 1.8057 0.2684
v  0.0903 1.7907 0.2434
v  0.0903 1.8057 0.2434
v  0.1370 1.7907 0.1907
v  0.1370 1.8057 0.1907
v  0.1538 1.7907 0.1223
v  0.1538 1.8057 0.1223
v  0.1325 2.7772 0.0563
v  0.0874 2.7772 0.0055
v  0.0070 2.7772 0.1223
v  0.0239 2.7772 -0.0186
v  -0.0436 2.7772 -0.0104
v  -0.0995 2.7772 0.0282
v  -0.1311 2.7772 0.0883
v  -0.1311 2.7772 0.1563
v  -0.0995 2.7772 0.2165
v  -0.0436 2.7772 0.2551
v  0.0239 2.7772 0.2632
v  0.0874 2.7772 0.2391
v  0.1325 2.7772 0.1883
v  0.1487 2.7772 0.1223
v  0.1580 1.7907 0.0427
v  0.1037 1.7907 -0.0187
v  0.0270 1.7907 -0.0478
v  -0.0544 1.7907 -0.0379
v  -0.1219 1.7907 0.0087
v  -0.1600 1.7907 0.0813
v  -0.1600 1.7907 0.1633
v  -0.1219 1.7907 0.2359
v  -0.0544 1.7907 0.2825
v  0.0270 1.7907 0.2924
v  0.1037 1.7907 0.2633
v  0.1580 1.7907 0.2019
v  0.1777 1.7907 0.1223
v  0.2209 1.7907 -0.1930
v  0.3425 1.7907 -0.0558
v  0.3510 1.7828 -0.0603
v  0.2263 1.7828 -0.2010
v  0.0495 1.7907 -0.2581
v  0.0505 1.7828 -0.2677
v  -0.1326 1.7907 -0.2360
v  -0.1362 1.7828 -0.2451
v  -0.2835 1.7907 -0.1318
v  -0.2910 1.7828 -0.1382
v  -0.3688 1.7907 0.0306
v  -0.3784 1.7828 0.0283
v  -0.3688 1.7907 0.2140
v  -0.3784 1.7828 0.2163
v  -0.2835 1.7907 0.3764
v  -0.2910 1.7828 0.3828
v  -0.1326 1.7907 0.4806
v  -0.1362 1.7828 0.4897
v  0.0495 1.7907 0.5027
v  0.0505 1.7828 0.5123
v  0.2209 1.7907 0.4376
v  0.2263 1.7828 0.4457
v  0.3425 1.7907 0.3004
v  0.3510 1.7828 0.3049
v  0.3864 1.7907 0.1223
v  0.3960 1.7828 0.1223
v  0.2212 1.6769 -0.1934
v  0.3429 1.6769 -0.0560
v  0.0058 1.6769 0.1223
v  0.0495 1.6769 -0.2585
v  -0.1328 1.6769 -0.2364
v  -0.2839 1.6769 -0.1321
v  -0.3692 1.6769 0.0305
v  -0.3692 1.6769 0.2141
v  -0.2839 1.6769 0.3767
v  -0.1328 1.6769 0.4810
v  0.0495 1.6769 0.5031
v  0.2212 1.6769 0.4380
v  0.3429 1.6769 0.3006
v  0.3869 1.6769 0.1223
v  -0.2910 1.6937 -0.1382
v  -0.1362 1.6937 -0.2451
v  -0.1362 1.6853 -0.2451
v  -0.2910 1.6853 -0.1382
v  -0.3784 1.6937 0.0283
v  -0.3784 1.6853 0.0283
v  -0.3784 1.6937 0.2163
v  -0.3784 1.6853 0.2163
v  -0.2910 1.6937 0.3828
v  -0.2910 1.6853 0.3828
v  -0.1362 1.6937 0.4897
v  -0.1362 1.6853 0.4897
v  0.0505 1.6937 0.5123
v  0.0505 1.6853 0.5123
v  0.2263 1.6937 0.4457
v  0.2263 1.6853 0.4457
v  0.3510 1.6937 0.3049
v  0.3510 1.6853 0.3049
v  0.3960 1.6937 0.1223
v  0.3960 1.6853 0.1223
v  0.3510 1.6937 -0.0603
v  0.3510 1.6853 -0.0603
v  0.2263 1.6937 -0.2010
v  0.2263 1.6853 -0.2010
v  0.0505 1.6937 -0.2677
v  0.0505 1.6853 -0.2677
v  -0.1362 1.7749 -0.2451
v  0.0505 1.7749 -0.2677
v  -0.2910 1.7749 -0.1382
v  -0.3784 1.7749 0.0283
v  -0.3784 1.7749 0.2163
v  -0.2910 1.7749 0.3828
v  -0.1362 1.7749 0.4897
v  0.0505 1.7749 0.5123
v  0.2263 1.7749 0.4457
v  0.3510 1.7749 0.3049
v  0.3960 1.7749 0.1223
v  0.3510 1.7749 -0.0603
v  0.2263 1.7749 -0.2010
v  -0.0455 2.7618 -0.0153
v  0.0244 2.7618 -0.0237
v  0.0903 2.7618 0.0012
v  0.1370 2.7618 0.0539
v  0.1538 2.7618 0.1223
v  0.1370 2.7618 0.1907
v  0.0903 2.7618 0.2434
v  0.0244 2.7618 0.2684
v  -0.0455 2.7618 0.2599
v  -0.1034 2.7618 0.2199
v  -0.1362 2.7618 0.1575
v  -0.1362 2.7618 0.0871
v  -0.1034 2.7618 0.0247
v  -1.3418 -0.9961 0.1947
v  -1.3796 -0.9826 0.1947
v  -1.3796 -0.9826 0.0499
v  -1.3418 -0.9961 0.0499
v  -1.4003 -0.9481 0.1947
v  -1.4003 -0.9481 0.0499
v  -1.3945 -0.9084 0.1947
v  -1.3945 -0.9084 0.0499
v  -1.3381 -0.9847 0.2309
v  1.3350 -0.9847 0.2309
v  1.3387 -0.9961 0.1947
v  -1.3827 -0.9104 0.2309
v  -0.0441 1.6081 0.2315
v  -0.0518 1.6180 0.1960
v  -1.3505 -0.9129 0.2574
v  -0.0015 1.5369 0.2671
v  -0.0257 1.5783 0.2576
v  1.3914 -0.9084 0.1947
v  1.3973 -0.9481 0.1947
v  1.3973 -0.9481 0.0499
v  1.3914 -0.9084 0.0499
v  1.3766 -0.9826 0.1947
v  1.3766 -0.9826 0.0499
v  1.3387 -0.9961 0.0499
v  1.3475 -0.9129 0.2574
v  0.0226 1.5783 0.2576
v  1.3797 -0.9104 0.2309
v  0.0487 1.6180 0.1960
v  0.0410 1.6081 0.2315
v  -1.3827 -0.9104 0.0137
v  -0.0535 1.6148 0.0511
v  -0.0454 1.6047 0.0142
v  -1.3381 -0.9847 0.0137
v  1.3350 -0.9847 0.0137
v  -1.3251 -0.9551 -0.0128
v  1.3221 -0.9551 -0.0128
v  -1.3065 -0.9152 -0.0225
v  1.3034 -0.9152 -0.0225
v  1.3797 -0.9104 0.0137
v  0.0423 1.6047 0.0142
v  0.0505 1.6148 0.0511
v  1.3475 -0.9129 -0.0128
v  -0.0015 1.5369 -0.0225
v  0.0233 1.5762 -0.0127
v  -0.0216 1.6446 0.1960
v  -0.0223 1.6422 0.0511
v  0.0186 1.6446 0.1960
v  0.0193 1.6422 0.0511
v  -1.3914 -0.9440 0.2260
v  -1.3718 -0.9767 0.2260
v  -1.3602 -0.9475 0.2521
v  1.3687 -0.9767 0.2260
v  1.3884 -0.9440 0.2260
v  1.3572 -0.9475 0.2521
v  -1.3718 -0.9767 0.0186
v  -1.3914 -0.9440 0.0186
v  -1.3505 -0.9129 -0.0128
v  -1.3602 -0.9475 -0.0074
v  1.3884 -0.9440 0.0186
v  1.3687 -0.9767 0.0186
v  1.3572 -0.9475 -0.0074
v  -0.0205 1.6341 0.2267
v  -0.0015 1.6069 0.2523
v  0.0175 1.6341 0.2267
v  0.0180 1.6314 0.0191
v  -0.0015 1.6044 -0.0073
v  -0.0211 1.6314 0.0191
v  -1.3071 0.6526 0.1975
v  -1.2491 0.6564 0.1655
v  -1.2935 0.6641 0.1157
v  -1.3438 0.6696 0.1448
v  -1.3472 0.6517 0.2159
v  -1.3805 0.6711 0.1666
v  -1.3847 0.6484 0.2227
v  -1.4161 0.6706 0.1839
v  -1.4378 0.6686 0.1941
v  -1.4463 0.6521 0.2125
v  -1.4165 0.6472 0.2193
v  -1.3131 0.6621 0.0998
v  -1.3532 0.6708 0.1278
v  -1.3899 0.6715 0.1497
v  -1.4259 0.6709 0.1692
v  -1.4468 0.6717 0.1787
v  -1.3372 0.6703 0.0734
v  -1.3747 0.6750 0.0952
v  -1.3510 0.6795 0.0584
v  -1.3844 0.6808 0.0792
v  -1.3255 0.6646 0.0628
v  -1.3406 0.6750 0.0489
v  -1.4106 0.6732 0.1181
v  -1.4097 0.6787 0.0897
v  -1.4268 0.6776 0.1079
v  -1.4442 0.6679 0.1395
v  -1.4571 0.6682 0.1280
v  -1.4624 0.6671 0.1497
v  -1.4728 0.6607 0.1361
v  -1.0831 0.8281 0.0547
v  -1.0932 0.8041 0.0626
v  -1.0766 0.7960 0.0472
v  -1.0691 0.8202 0.0410
v  -1.0697 0.8249 0.0352
v  -1.0819 0.8326 0.0478
v  -1.1038 0.8314 0.0518
v  -1.1148 0.8071 0.0607
v  -1.1003 0.8339 0.0464
v  -1.0970 0.8247 -0.0038
v  -1.1057 0.8324 0.0066
v  -1.0820 0.8209 0.0073
v  -1.1157 0.8338 0.0165
v  -1.1026 0.8197 -0.0064
v  -1.1121 0.8277 0.0043
v  -1.0846 0.8165 0.0056
v  -1.1221 0.8312 0.0169
v  -1.0932 0.7921 0.0097
v  -1.0925 0.7558 0.0593
v  -1.1108 0.7532 0.0208
v  -1.1051 0.7639 0.0720
v  -1.1260 0.7671 0.0695
v  -1.1130 0.7952 -0.0013
v  -1.1252 0.8028 0.0109
v  -1.1359 0.8061 0.0243
v  -1.1156 0.7156 0.0776
v  -1.1338 0.7133 0.0355
v  -1.1279 0.7241 0.0901
v  -1.1492 0.7278 0.0867
v  -1.1326 0.7563 0.0108
v  -1.1441 0.7634 0.0234
v  -1.1522 0.7664 0.0360
v  -1.1413 0.6824 0.0934
v  -1.1563 0.6794 0.0503
v  -1.1569 0.6908 0.1082
v  -1.1791 0.6942 0.1056
v  -1.1569 0.7168 0.0255
v  -1.1686 0.7246 0.0389
v  -1.1758 0.7278 0.0516
v  -1.1764 0.6528 0.1156
v  -1.1904 0.6484 0.0683
v  -1.1908 0.6635 0.1328
v  -1.2129 0.6685 0.1310
v  -1.1796 0.6829 0.0405
v  -1.1931 0.6908 0.0547
v  -1.2016 0.6939 0.0681
v  -1.2179 0.6159 0.1396
v  -1.2370 0.6050 0.0835
v  -1.2397 0.6275 0.1736
v  -1.2153 0.6532 0.0566
v  -1.2448 0.6567 0.0675
v  -1.2505 0.6679 0.0888
v  -1.4340 0.9185 -0.0643
v  -1.4327 0.8797 -0.0452
v  -1.4047 0.8795 -0.0594
v  -1.4063 0.9175 -0.0781
v  -1.4114 0.9212 -0.0859
v  -1.4372 0.9220 -0.0728
v  -1.3998 0.9139 -0.0877
v  -1.4053 0.9172 -0.0915
v  -1.3981 0.8755 -0.0708
v  -1.4512 0.9158 -0.0623
v  -1.4489 0.8761 -0.0440
v  -1.4497 0.9188 -0.0693
v  -1.4290 0.9034 -0.1162
v  -1.4610 0.9045 -0.1000
v  -1.4364 0.8962 -0.1238
v  -1.4660 0.8969 -0.1076
v  -1.4177 0.9015 -0.1196
v  -1.4751 0.9034 -0.0901
v  -1.4392 0.8870 -0.1255
v  -1.4695 0.8876 -0.1076
v  -1.4808 0.8967 -0.0825
v  -1.4133 0.8557 -0.1092
v  -1.4111 0.8944 -0.1195
v  -1.4050 0.8156 -0.0412
v  -1.3987 0.8121 -0.0531
v  -1.4278 0.8138 -0.0268
v  -1.4401 0.8098 -0.0257
v  -1.4422 0.8488 -0.1138
v  -1.4691 0.8486 -0.0948
v  -1.4761 0.8566 -0.0682
v  -1.4125 0.7956 -0.0884
v  -1.3927 0.7621 -0.0157
v  -1.3862 0.7591 -0.0271
v  -1.4150 0.7600 -0.0001
v  -1.4271 0.7564 0.0018
v  -1.4361 0.7924 -0.0889
v  -1.4576 0.7926 -0.0711
v  -1.4629 0.7972 -0.0476
v  -1.3961 0.7429 -0.0570
v  -1.3762 0.7254 0.0169
v  -1.3696 0.7225 0.0056
v  -1.3987 0.7244 0.0324
v  -1.4110 0.7210 0.0339
v  -1.4183 0.7400 -0.0575
v  -1.4407 0.7412 -0.0411
v  -1.4484 0.7463 -0.0192
v  -1.3792 0.7039 -0.0247
v  -1.3608 0.6930 0.0442
v  -1.3521 0.6895 0.0343
v  -1.3890 0.6930 0.0627
v  -1.4032 0.6900 0.0663
v  -1.4013 0.6951 -0.0269
v  -1.4242 0.6946 -0.0120
v  -1.4326 0.7035 0.0104
v  -1.3581 0.6629 0.0092
v  -1.3835 0.6516 0.0043
v  -1.4098 0.6528 0.0181
v  -1.4199 0.6662 0.0403
v  -1.4198 0.6421 0.0457
v  -1.4050 0.6358 0.0326
v  -1.3448 0.6324 0.0373
v  -1.3725 0.6255 0.0269
v  -1.4227 0.6587 0.0521
v  -1.3189 0.6303 0.0520
v  -1.6530 0.9118 0.0461
v  -1.6753 0.9012 0.0579
v  -1.6685 0.8691 0.0667
v  -1.6452 0.8803 0.0553
v  -1.6572 0.9190 0.0350
v  -1.6802 0.9079 0.0476
v  -1.6456 0.9146 0.0350
v  -1.6510 0.9185 0.0292
v  -1.6370 0.8840 0.0433
v  -1.6868 0.8936 0.0560
v  -1.6798 0.8618 0.0637
v  -1.6885 0.8993 0.0486
v  -1.6670 0.8910 -0.0021
v  -1.6855 0.8789 0.0064
v  -1.6666 0.8814 -0.0201
v  -1.6841 0.8684 -0.0122
v  -1.6578 0.8985 -0.0083
v  -1.6598 0.8871 -0.0159
v  -1.6978 0.8717 0.0096
v  -1.6615 0.8700 -0.0206
v  -1.6780 0.8561 -0.0137
v  -1.6510 0.8399 -0.0145
v  -1.6687 0.8244 -0.0074
v  -1.6546 0.8810 -0.0155
v  -1.6433 0.8526 -0.0098
v  -1.6965 0.8612 0.0155
v  -1.6873 0.8302 0.0214
v  -1.6489 0.8948 -0.0045
v  -1.6378 0.8673 0.0010
v  -1.6353 0.8345 0.0561
v  -1.6276 0.8380 0.0450
v  -1.5979 0.7839 0.0678
v  -1.5911 0.7866 0.0574
v  -1.6573 0.8247 0.0666
v  -1.6198 0.7737 0.0776
v  -1.6674 0.8183 0.0639
v  -1.6295 0.7669 0.0753
v  -1.6385 0.8008 -0.0032
v  -1.6548 0.7870 0.0038
v  -1.6319 0.8124 -0.0003
v  -1.6711 0.7916 0.0276
v  -1.6277 0.8255 0.0079
v  -1.5928 0.7747 0.0231
v  -1.5964 0.7644 0.0164
v  -1.5508 0.7426 0.0876
v  -1.5453 0.7439 0.0781
v  -1.5688 0.7314 0.0960
v  -1.5776 0.7230 0.0936
v  -1.6035 0.7541 0.0140
v  -1.6179 0.7406 0.0224
v  -1.6295 0.7434 0.0441
v  -1.5455 0.7291 0.0438
v  -1.5496 0.7206 0.0356
v  -1.5048 0.7149 0.1039
v  -1.4994 0.7163 0.0939
v  -1.5224 0.7009 0.1126
v  -1.5323 0.6907 0.1106
v  -1.5567 0.7116 0.0315
v  -1.5713 0.6981 0.0394
v  -1.5813 0.6996 0.0632
v  -1.4923 0.7001 0.0542
v  -1.4954 0.6910 0.0445
v  -1.4523 0.6878 0.1067
v  -1.4444 0.6886 0.0951
v  -1.4778 0.6747 0.1220
v  -1.4896 0.6648 0.1246
v  -1.5021 0.6818 0.0410
v  -1.5218 0.6676 0.0518
v  -1.5378 0.6674 0.0799
v  -1.4404 0.6685 0.0556
v  -1.4438 0.6595 0.0478
v  -1.4516 0.6519 0.0478
v  -1.4744 0.6392 0.0659
v  -1.4322 0.6372 0.0524
v  -1.4534 0.6261 0.0733
v  -1.4913 0.6389 0.0995
v  -1.4690 0.6268 0.1098
v  -1.4724 0.6396 0.1312
v  -1.6413 0.7647 0.2888
v  -1.6154 0.7820 0.2788
v  -1.6256 0.7934 0.2809
v  -1.6519 0.7812 0.2913
v  -1.6415 0.8196 0.2774
v  -1.6662 0.8107 0.2841
v  -1.6557 0.7561 0.2853
v  -1.6667 0.7750 0.2878
v  -1.6793 0.7703 0.2788
v  -1.6680 0.7494 0.2764
v  -1.6805 0.8048 0.2813
v  -1.6885 0.7993 0.2756
v  -1.6392 0.8238 0.2668
v  -1.6642 0.8221 0.2693
v  -1.6754 0.8149 0.2680
v  -1.6951 0.7997 0.2647
v  -1.6405 0.8257 0.2335
v  -1.6656 0.8243 0.2415
v  -1.6506 0.8171 0.2273
v  -1.6986 0.8000 0.2327
v  -1.6772 0.8165 0.2423
v  -1.6853 0.8070 0.2170
v  -1.6696 0.8144 0.2142
v  -1.6279 0.7970 0.2176
v  -1.6562 0.7853 0.2056
v  -1.6176 0.7873 0.2169
v  -1.6459 0.7704 0.2050
v  -1.6737 0.7764 0.2097
v  -1.6927 0.7666 0.2251
v  -1.6633 0.7567 0.2091
v  -1.6814 0.7428 0.2310
v  -1.6758 0.7461 0.2621
v  -1.6874 0.7678 0.2643
v  -1.6201 0.7994 0.2323
v  -1.6189 0.7974 0.2668
v  -1.6088 0.7876 0.2651
v  -1.6099 0.7906 0.2313
v  -1.6131 0.7366 0.2794
v  -1.5903 0.7487 0.2715
v  -1.6254 0.7306 0.2758
v  -1.6356 0.7258 0.2673
v  -1.5920 0.7544 0.2163
v  -1.6172 0.7427 0.2039
v  -1.6291 0.7337 0.2057
v  -1.6427 0.7230 0.2244
v  -1.5850 0.7562 0.2294
v  -1.6415 0.7235 0.2542
v  -1.5843 0.7531 0.2595
v  -1.5784 0.7084 0.2668
v  -1.5594 0.7213 0.2592
v  -1.5876 0.7005 0.2631
v  -1.5941 0.6942 0.2543
v  -1.5593 0.7295 0.2039
v  -1.5755 0.7159 0.1919
v  -1.5834 0.7081 0.1923
v  -1.5935 0.6956 0.2089
v  -1.5543 0.7311 0.2170
v  -1.5962 0.6916 0.2400
v  -1.5542 0.7261 0.2472
v  -1.5433 0.6798 0.2415
v  -1.5304 0.7003 0.2337
v  -1.5514 0.6694 0.2388
v  -1.5589 0.6621 0.2315
v  -1.5385 0.7055 0.1873
v  -1.5541 0.6873 0.1779
v  -1.5612 0.6790 0.1783
v  -1.5684 0.6666 0.1927
v  -1.5327 0.7096 0.1981
v  -1.5643 0.6605 0.2195
v  -1.5283 0.7067 0.2234
v  -1.5111 0.6625 0.2244
v  -1.4967 0.6809 0.2129
v  -1.5201 0.6529 0.2228
v  -1.5283 0.6457 0.2160
v  -1.5052 0.6799 0.1647
v  -1.5206 0.6615 0.1588
v  -1.5278 0.6542 0.1607
v  -1.5364 0.6451 0.1768
v  -1.4991 0.6848 0.1750
v  -1.5339 0.6428 0.2041
v  -1.4943 0.6854 0.2014
v  -1.4606 0.6364 0.2104
v  -1.4703 0.6271 0.2003
v  -1.4764 0.6296 0.1430
v  -1.4824 0.6216 0.1587
v  -1.4772 0.6218 0.1849
v  -0.7081 0.1519 0.0861
v  -0.7023 0.1314 0.0733
v  -0.8012 0.0929 0.0808
v  -0.8065 0.1120 0.0937
v  -0.5895 0.1774 0.0646
v  -0.5952 0.1978 0.0774
v  -0.6948 0.1078 0.0718
v  -0.7942 0.0707 0.0792
v  -0.5820 0.1538 0.0631
v  -0.6872 0.0865 0.0819
v  -0.7870 0.0493 0.0894
v  -0.5744 0.1325 0.0732
v  -0.6813 0.0723 0.1014
v  -0.7813 0.0351 0.1089
v  -0.5685 0.1183 0.0927
v  -0.6784 0.0686 0.1257
v  -0.7784 0.0299 0.1334
v  -0.5656 0.1146 0.1170
v  -0.6792 0.0761 0.1494
v  -0.7791 0.0360 0.1571
v  -0.5664 0.1221 0.1407
v  -0.6834 0.0931 0.1669
v  -0.7830 0.0531 0.1746
v  -0.5706 0.1391 0.1582
v  -0.6903 0.1158 0.1742
v  -0.7894 0.0759 0.1819
v  -0.5774 0.1618 0.1655
v  -0.6980 0.1389 0.1698
v  -0.7968 0.0991 0.1774
v  -0.5852 0.1849 0.1611
v  -0.7003 0.1572 0.1520
v  -0.7987 0.1174 0.1596
v  -0.5875 0.2032 0.1433
v  -0.7111 0.1664 0.1276
v  -0.8093 0.1267 0.1352
v  -0.5982 0.2124 0.1189
v  -0.9335 0.0662 0.1030
v  -0.9347 0.0815 0.1444
v  -0.8783 0.0995 0.1404
v  -0.8763 0.0845 0.0990
v  -0.8722 0.0695 0.0859
v  -0.9307 0.0537 0.0899
v  -0.8665 0.0513 0.0842
v  -0.9266 0.0381 0.0881
v  -0.8605 0.0296 0.0945
v  -0.9220 0.0161 0.0986
v  -0.8556 0.0153 0.1141
v  -0.9180 0.0016 0.1183
v  -0.8529 0.0057 0.1389
v  -0.9155 -0.0109 0.1433
v  -0.8531 0.0076 0.1629
v  -0.9152 -0.0117 0.1675
v  -0.8562 0.0250 0.1803
v  -0.9172 0.0060 0.1848
v  -0.8613 0.0481 0.1875
v  -0.9210 0.0294 0.1918
v  -0.8674 0.0716 0.1828
v  -0.9256 0.0533 0.1870
v  -0.8683 0.0901 0.1649
v  -0.9253 0.0720 0.1689
v  -1.0536 0.0486 0.1097
v  -1.0530 0.0644 0.1507
v  -0.9949 0.0693 0.1480
v  -0.9943 0.0538 0.1067
v  -0.9923 0.0382 0.0939
v  -1.0532 0.0287 0.0974
v  -0.9891 0.0195 0.0925
v  -1.0518 0.0057 0.0966
v  -0.9854 -0.0026 0.1031
v  -1.0498 -0.0163 0.1074
v  -0.9821 -0.0172 0.1229
v  -1.0476 -0.0307 0.1273
v  -0.9799 -0.0267 0.1478
v  -1.0458 -0.0357 0.1519
v  -0.9793 -0.0245 0.1717
v  -1.0447 -0.0291 0.1754
v  -0.9806 -0.0066 0.1888
v  -1.0446 -0.0112 0.1924
v  -0.9834 0.0170 0.1957
v  -1.0456 0.0124 0.1990
v  -0.9870 0.0410 0.1907
v  -1.0474 0.0364 0.1938
v  -0.9859 0.0599 0.1726
v  -1.0448 0.0551 0.1754
v  -1.1537 0.0653 0.1118
v  -1.1473 0.0810 0.1522
v  -1.1033 0.0679 0.1521
v  -1.1064 0.0520 0.1114
v  -1.1095 0.0308 0.0997
v  -1.1615 0.0454 0.1006
v  -1.1122 0.0068 0.0994
v  -1.1697 0.0230 0.1010
v  -1.1139 -0.0147 0.1107
v  -1.1764 0.0032 0.1129
v  -1.1143 -0.0287 0.1309
v  -1.1800 -0.0095 0.1334
v  -1.1131 -0.0319 0.1555
v  -1.1798 -0.0121 0.1581
v  -1.1108 -0.0237 0.1787
v  -1.1757 -0.0040 0.1811
v  -1.1077 -0.0059 0.1953
v  -1.1688 0.0129 0.1972
v  -1.1047 0.0173 0.2014
v  -1.1605 0.0347 0.2028
v  -1.1025 0.0408 0.1957
v  -1.1528 0.0565 0.1965
v  -1.0967 0.0590 0.1770
v  -1.1428 0.0732 0.1773
v  -1.2322 0.1265 0.1100
v  -1.2191 0.1391 0.1497
v  -1.1863 0.1047 0.1509
v  -1.1963 0.0902 0.1110
v  -1.2093 0.0732 0.1004
v  -1.2497 0.1133 0.0997
v  -1.2235 0.0545 0.1013
v  -1.2691 0.0992 0.1011
v  -1.2357 0.0384 0.1137
v  -1.2859 0.0875 0.1137
v  -1.2430 0.0285 0.1346
v  -1.2963 0.0808 0.1348
v  -1.2437 0.0271 0.1592
v  -1.2979 0.0807 0.1596
v  -1.2378 0.0346 0.1820
v  -1.2904 0.0871 0.1822
v  -1.2266 0.0491 0.1977
v  -1.2754 0.0987 0.1976
v  -1.2126 0.0675 0.2027
v  -1.2564 0.1128 0.2022
v  -1.1990 0.0855 0.1959
v  -1.2378 0.1261 0.1950
v  -1.1843 0.0989 0.1762
v  -1.2191 0.1355 0.1751
v  -1.2783 0.2338 0.1105
v  -1.2620 0.2412 0.1502
v  -1.2442 0.1843 0.1496
v  -1.2593 0.1742 0.1100
v  -1.2793 0.1647 0.0997
v  -1.2998 0.2277 0.1001
v  -1.3016 0.1549 0.1010
v  -1.3235 0.2217 0.1014
v  -1.3210 0.1471 0.1137
v  -1.3441 0.2172 0.1140
v  -1.3331 0.1431 0.1348
v  -1.3569 0.2154 0.1351
v  -1.3351 0.1437 0.1595
v  -1.3589 0.2165 0.1597
v  -1.3266 0.1489 0.1822
v  -1.3497 0.2203 0.1824
v  -1.3094 0.1575 0.1975
v  -1.3314 0.2260 0.1978
v  -1.2876 0.1674 0.2021
v  -1.3082 0.2322 0.2025
v  -1.2661 0.1764 0.1949
v  -1.2853 0.2376 0.1954
v  -1.2452 0.1825 0.1750
v  -1.2634 0.2408 0.1755
v  -1.2972 0.3840 0.1122
v  -1.2791 0.3876 0.1517
v  -1.3197 0.3824 0.1020
v  -1.3444 0.3816 0.1035
v  -1.3655 0.3815 0.1163
v  -1.3784 0.3824 0.1375
v  -1.3799 0.3839 0.1622
v  -1.3699 0.3858 0.1848
v  -1.3504 0.3875 0.2000
v  -1.3261 0.3888 0.2045
v  -1.3025 0.3892 0.1971
v  -1.2803 0.3888 0.1771
v  -1.2999 0.5255 0.1113
v  -1.2801 0.5288 0.1540
v  -1.3242 0.5245 0.1004
v  -1.3511 0.5244 0.1021
v  -1.3739 0.5250 0.1160
v  -1.3874 0.5262 0.1386
v  -1.3890 0.5279 0.1652
v  -1.3778 0.5296 0.1889
v  -1.3568 0.5309 0.2046
v  -1.3314 0.5315 0.2094
v  -1.3059 0.5313 0.2016
v  -1.2818 0.5304 0.1808
v  -1.3226 0.5918 0.0644
v  -1.2757 0.5914 0.0897
v  -1.3696 0.5902 0.0645
v  -1.4013 0.5910 0.0878
v  -1.4321 0.5959 0.1330
v  -1.4277 0.5967 0.1710
v  -1.4102 0.5981 0.2013
v  -1.3690 0.5998 0.2265
v  -1.3355 0.6009 0.2310
v  -1.2939 0.6024 0.2171
v  -1.2537 0.5996 0.1885
v  -1.2449 0.5927 0.1524
v  -1.3708 0.6135 0.0386
v  -1.3272 0.6067 0.0541
v  -1.4034 0.6241 0.0434
v  -1.4577 0.6179 0.1247
v  -1.4355 0.6143 0.0779
v  -1.4524 0.6104 0.1490
v  -1.4291 0.6127 0.1953
v  -1.4405 0.6086 0.1727
v  -1.3725 0.6142 0.2292
v  -1.4050 0.6131 0.2116
v  -1.3378 0.6157 0.2307
v  -1.2944 0.6184 0.2141
v  -1.4322 0.6275 0.2103
v  -1.4177 0.6273 0.0530
v  -1.2947 0.6096 0.0741
v  -1.2639 0.6594 0.0840
v  -1.2838 0.6601 0.0918
v  -1.2785 0.6495 0.0743
v  -1.3027 0.6561 0.0759
v  -1.2581 0.6385 0.0691
v  -1.2618 0.6165 0.0715
v  -1.2850 0.6380 0.0701
v  -1.2986 0.6350 0.0686
v  -1.3103 0.6378 0.0604
v  -0.6644 -1.3894 -0.3106
v  -0.6382 -1.4108 -0.2405
v  -0.6081 -1.3903 -0.2464
v  -0.6353 -1.3691 -0.3204
v  -0.5737 -1.3857 -0.2586
v  -0.6014 -1.3652 -0.3343
v  -0.5428 -1.3981 -0.2743
v  -0.5704 -1.3786 -0.3489
v  -0.5225 -1.4245 -0.2900
v  -0.5495 -1.4064 -0.3611
v  -0.5174 -1.4589 -0.3020
v  -0.5434 -1.4420 -0.3680
v  -0.5287 -1.4935 -0.3076
v  -0.5535 -1.4774 -0.3680
v  -0.5539 -1.5203 -0.3055
v  -0.5775 -1.5045 -0.3611
v  -0.5871 -1.5332 -0.2962
v  -0.6099 -1.5170 -0.3489
v  -0.6208 -1.5292 -0.2818
v  -0.6433 -1.5120 -0.3342
v  -0.6472 -1.5092 -0.2657
v  -0.6701 -1.4908 -0.3204
v  -0.6602 -1.4779 -0.2514
v  -0.6840 -1.4582 -0.3106
v  -0.6570 -1.4424 -0.2423
v  -0.6819 -1.4216 -0.3071
v  -0.4045 -1.0129 0.2038
v  -0.4045 -0.9417 0.2038
v  -0.4412 -0.9417 0.2001
v  -0.4412 -1.0129 0.2001
v  -0.3704 -1.0129 0.1901
v  -0.3704 -0.9417 0.1901
v  -0.3465 -1.0129 0.1620
v  -0.3465 -0.9417 0.1620
v  -0.3384 -1.0129 0.1261
v  -0.3384 -0.9417 0.1261
v  -0.3480 -1.0129 0.0906
v  -0.3480 -0.9417 0.0906
v  -0.3729 -1.0129 0.0635
v  -0.3729 -0.9417 0.0635
v  -0.4076 -1.0129 0.0511
v  -0.4076 -0.9417 0.0511
v  -0.4441 -1.0129 0.0563
v  -0.4441 -0.9417 0.0563
v  -0.4739 -1.0129 0.0778
v  -0.4739 -0.9417 0.0778
v  -0.4904 -1.0129 0.1108
v  -0.4904 -0.9417 0.1108
v  -0.4897 -1.0129 0.1476
v  -0.4897 -0.9417 0.1476
v  -0.4719 -1.0129 0.1798
v  -0.4719 -0.9417 0.1798
v  -0.4045 -1.0841 0.2038
v  -0.4412 -1.0841 0.2001
v  -0.3704 -1.0841 0.1901
v  -0.3465 -1.0841 0.1620
v  -0.3384 -1.0841 0.1261
v  -0.3480 -1.0841 0.0906
v  -0.3729 -1.0841 0.0635
v  -0.4076 -1.0841 0.0511
v  -0.4441 -1.0841 0.0563
v  -0.4739 -1.0841 0.0778
v  -0.4904 -1.0841 0.1108
v  -0.4897 -1.0841 0.1476
v  -0.4719 -1.0841 0.1798
v  -0.4045 -1.1553 0.2038
v  -0.4412 -1.1553 0.2001
v  -0.3704 -1.1553 0.1901
v  -0.3465 -1.1553 0.1620
v  -0.3384 -1.1553 0.1261
v  -0.3480 -1.1553 0.0906
v  -0.3729 -1.1553 0.0635
v  -0.4076 -1.1553 0.0511
v  -0.4441 -1.1553 0.0563
v  -0.4739 -1.1553 0.0778
v  -0.4904 -1.1553 0.1108
v  -0.4897 -1.1553 0.1476
v  -0.4719 -1.1553 0.1798
v  -0.4045 -1.2266 0.2038
v  -0.4412 -1.2266 0.2001
v  -0.3704 -1.2266 0.1901
v  -0.3465 -1.2266 0.1620
v  -0.3384 -1.2266 0.1261
v  -0.3480 -1.2266 0.0906
v  -0.3729 -1.2266 0.0635
v  -0.4076 -1.2266 0.0511
v  -0.4441 -1.2266 0.0563
v  -0.4739 -1.2266 0.0778
v  -0.4904 -1.2266 0.1108
v  -0.4897 -1.2266 0.1476
v  -0.4719 -1.2266 0.1798
v  -0.4045 -1.2978 0.2038
v  -0.4412 -1.2978 0.2001
v  -0.3704 -1.2978 0.1901
v  -0.3465 -1.2978 0.1620
v  -0.3384 -1.2978 0.1261
v  -0.3480 -1.2978 0.0906
v  -0.3729 -1.2978 0.0635
v  -0.4076 -1.2978 0.0511
v  -0.4441 -1.2978 0.0563
v  -0.4739 -1.2978 0.0778
v  -0.4904 -1.2978 0.1108
v  -0.4897 -1.2978 0.1476
v  -0.4719 -1.2978 0.1798
v  -0.4045 -1.3690 0.2038
v  -0.4412 -1.3690 0.2001
v  -0.3704 -1.3690 0.1901
v  -0.3465 -1.3690 0.1620
v  -0.3384 -1.3690 0.1261
v  -0.3480 -1.3690 0.0906
v  -0.3729 -1.3690 0.0635
v  -0.4076 -1.3690 0.0511
v  -0.4441 -1.3690 0.0563
v  -0.4739 -1.3690 0.0778
v  -0.4904 -1.3690 0.1108
v  -0.4897 -1.3690 0.1476
v  -0.4719 -1.3690 0.1798
v  -0.4048 -1.4402 0.2029
v  -0.4414 -1.4402 0.1992
v  -0.3706 -1.4402 0.1891
v  -0.3468 -1.4402 0.1611
v  -0.3387 -1.4402 0.1251
v  -0.3482 -1.4402 0.0896
v  -0.3732 -1.4402 0.0625
v  -0.4079 -1.4402 0.0501
v  -0.4443 -1.4402 0.0553
v  -0.4742 -1.4402 0.0768
v  -0.4907 -1.4402 0.1098
v  -0.4899 -1.4402 0.1466
v  -0.4722 -1.4402 0.1789
v  -0.4226 -1.5191 0.1808
v  -0.4579 -1.5096 0.1766
v  -0.3878 -1.5213 0.1691
v  -0.3614 -1.5157 0.1441
v  -0.3495 -1.5035 0.1114
v  -0.3548 -1.4875 0.0787
v  -0.3761 -1.4714 0.0533
v  -0.4085 -1.4589 0.0412
v  -0.4446 -1.4528 0.0450
v  -0.4762 -1.4546 0.0640
v  -0.4959 -1.4638 0.0937
v  -0.4993 -1.4783 0.1273
v  -0.4856 -1.4948 0.1573
v  -0.4409 -1.5817 0.1318
v  -0.4736 -1.5648 0.1323
v  -0.4066 -1.5860 0.1191
v  -0.3786 -1.5767 0.0970
v  -0.3633 -1.5560 0.0707
v  -0.3641 -1.5286 0.0462
v  -0.3810 -1.5007 0.0290
v  -0.4100 -1.4788 0.0232
v  -0.4445 -1.4679 0.0300
v  -0.4766 -1.4704 0.0479
v  -0.4989 -1.4859 0.0728
v  -0.5064 -1.5107 0.0990
v  -0.4972 -1.5392 0.1204
v  -0.4802 -1.6178 0.0422
v  -0.5087 -1.5973 0.0534
v  -0.4466 -1.6217 0.0278
v  -0.4155 -1.6081 0.0134
v  -0.3941 -1.5803 0.0024
v  -0.3873 -1.5444 -0.0027
v  -0.3966 -1.5089 -0.0007
v  -0.4199 -1.4817 0.0078
v  -0.4520 -1.4692 0.0210
v  -0.4853 -1.4741 0.0358
v  -0.5123 -1.4955 0.0489
v  -0.5269 -1.5283 0.0572
v  -0.5256 -1.5650 0.0588
v  -0.5202 -1.6037 -0.0259
v  -0.5466 -1.5838 -0.0097
v  -0.4865 -1.6077 -0.0403
v  -0.4533 -1.5948 -0.0496
v  -0.4281 -1.5680 -0.0517
v  -0.4168 -1.5334 -0.0461
v  -0.4218 -1.4990 -0.0341
v  -0.4422 -1.4726 -0.0184
v  -0.4731 -1.4603 -0.0027
v  -0.5075 -1.4648 0.0095
v  -0.5376 -1.4853 0.0154
v  -0.5564 -1.5169 0.0136
v  -0.5596 -1.5524 0.0045
v  -0.5453 -1.5851 -0.0899
v  -0.5717 -1.5651 -0.0737
v  -0.5117 -1.5891 -0.1043
v  -0.4784 -1.5762 -0.1136
v  -0.4533 -1.5494 -0.1157
v  -0.4419 -1.5148 -0.1101
v  -0.4470 -1.4804 -0.0981
v  -0.4673 -1.4540 -0.0824
v  -0.4982 -1.4416 -0.0666
v  -0.5327 -1.4462 -0.0544
v  -0.5627 -1.4667 -0.0486
v  -0.5816 -1.4983 -0.0504
v  -0.5848 -1.5338 -0.0595
v  -0.5705 -1.5664 -0.1539
v  -0.5969 -1.5465 -0.1377
v  -0.5368 -1.5704 -0.1683
v  -0.5036 -1.5575 -0.1776
v  -0.4784 -1.5307 -0.1797
v  -0.4671 -1.4962 -0.1741
v  -0.4722 -1.4617 -0.1620
v  -0.4925 -1.4353 -0.1464
v  -0.5234 -1.4230 -0.1306
v  -0.5578 -1.4276 -0.1184
v  -0.5879 -1.4480 -0.1126
v  -0.6067 -1.4796 -0.1144
v  -0.6099 -1.5152 -0.1234
v  -0.5956 -1.5478 -0.2179
v  -0.6220 -1.5279 -0.2017
v  -0.5620 -1.5518 -0.2323
v  -0.5287 -1.5389 -0.2416
v  -0.5036 -1.5121 -0.2437
v  -0.4922 -1.4775 -0.2380
v  -0.4973 -1.4431 -0.2260
v  -0.5176 -1.4167 -0.2104
v  -0.5486 -1.4044 -0.1946
v  -0.5830 -1.4090 -0.1824
v  -0.6131 -1.4294 -0.1765
v  -0.6319 -1.4610 -0.1783
v  -0.6351 -1.4965 -0.1874
v  -0.6611 -1.3672 -0.3896
v  -0.6864 -1.3829 -0.3759
v  -0.6268 -1.3629 -0.4025
v  -0.5934 -1.3756 -0.4110
v  -0.5683 -1.4025 -0.4133
v  -0.5574 -1.4374 -0.4087
v  -0.5632 -1.4723 -0.3984
v  -0.5843 -1.4992 -0.3847
v  -0.6159 -1.5119 -0.3707
v  -0.6508 -1.5075 -0.3597
v  -0.6809 -1.4871 -0.3542
v  -0.6994 -1.4553 -0.3554
v  -0.7021 -1.4159 -0.3630
v  -0.6800 -1.3692 -0.4380
v  -0.7023 -1.3837 -0.4236
v  -0.6436 -1.3655 -0.4541
v  -0.6129 -1.3735 -0.4665
v  -0.5912 -1.4026 -0.4819
v  -0.5743 -1.4414 -0.4558
v  -0.5745 -1.4732 -0.4235
v  -0.5940 -1.4968 -0.4031
v  -0.6245 -1.5068 -0.3850
v  -0.6590 -1.5009 -0.3734
v  -0.6895 -1.4805 -0.3709
v  -0.7132 -1.4502 -0.3934
v  -0.7199 -1.4135 -0.4178
v  -0.5747 -1.5504 -0.4574
v  -0.5868 -1.5154 -0.4812
v  -0.5745 -1.5822 -0.4235
v  -0.5940 -1.6058 -0.4031
v  -0.6245 -1.6158 -0.3850
v  -0.6590 -1.6099 -0.3734
v  -0.6895 -1.5895 -0.3709
v  -0.7126 -1.5592 -0.3910
v  -0.7195 -1.5203 -0.4194
v  -0.5749 -1.6473 -0.4582
v  -0.5818 -1.7162 -0.4500
v  -0.5921 -1.7179 -0.4760
v  -0.5873 -1.6154 -0.4818
v  -0.5745 -1.6791 -0.4235
v  -0.5940 -1.7027 -0.4031
v  -0.6028 -1.7641 -0.4366
v  -0.6245 -1.7127 -0.3850
v  -0.6333 -1.7796 -0.4201
v  -0.6590 -1.7068 -0.3734
v  -0.6668 -1.7747 -0.4057
v  -0.6895 -1.6864 -0.3709
v  -0.6956 -1.7536 -0.3964
v  -0.7126 -1.6561 -0.3910
v  -0.7130 -1.7212 -0.3945
v  -0.7227 -1.6154 -0.4202
v  -0.7222 -1.7148 -0.4219
v  -0.6126 -1.7601 -0.4659
v  -0.6434 -1.7766 -0.4439
v  -0.6780 -1.7719 -0.4284
v  -0.7049 -1.7541 -0.4219
v  -0.6841 -1.3810 -0.4551
v  -0.7065 -1.3984 -0.4406
v  -0.6476 -1.3782 -0.4712
v  -0.6170 -1.3880 -0.4835
v  -0.6852 -1.6131 -0.4548
v  -0.6841 -1.7170 -0.4519
v  -0.7089 -1.7170 -0.4401
v  -0.7075 -1.6131 -0.4403
v  -0.6491 -1.6131 -0.4723
v  -0.6509 -1.7170 -0.4672
v  -0.6180 -1.6131 -0.4833
v  -0.6170 -1.7170 -0.4807
v  -0.7054 -1.5062 -0.4409
v  -0.6830 -1.4997 -0.4554
v  -0.6466 -1.4981 -0.4715
v  -0.6159 -1.5016 -0.4838
v  -0.0264 1.5762 -0.0127
# 1930 vertices

vn 0.6338 0.3638 -0.6826
vn 0.2501 0.2511 -0.9351
vn 0.2417 0.3532 -0.9038
vn 0.6324 0.4334 -0.6421
vn -0.1683 0.0948 -0.9812
vn -0.2024 0.1935 -0.9600
vn -0.5679 -0.0759 -0.8196
vn -0.6009 -0.0090 -0.7993
vn -0.8475 -0.2319 -0.4774
vn -0.8645 -0.2096 -0.4569
vn -0.9367 -0.3493 -0.0235
vn -0.9313 -0.3642 -0.0090
vn -0.7992 -0.4087 0.4408
vn -0.7832 -0.4376 0.4417
vn -0.4587 -0.3886 0.7991
vn -0.4535 -0.4123 0.7901
vn -0.0094 -0.2732 0.9619
vn -0.0197 -0.2929 0.9559
vn 0.4338 -0.0786 0.8976
vn 0.4179 -0.1055 0.9024
vn 0.7722 0.1388 0.6200
vn 0.7596 0.1075 0.6415
vn 0.9323 0.3074 0.1907
vn 0.9268 0.2956 0.2317
vn 0.8808 0.3847 -0.2760
vn 0.8804 0.4134 -0.2323
vn -0.1405 0.9901 -0.0000
vn 0.3357 0.9420 -0.0000
vn -0.5845 0.8114 -0.0000
vn -0.8946 0.4468 -0.0000
vn -0.9998 -0.0201 -0.0000
vn -0.8759 -0.4825 -0.0000
vn -0.5514 -0.8343 -0.0000
vn -0.1005 -0.9949 -0.0000
vn 0.3734 -0.9277 -0.0000
vn 0.7617 -0.6479 -0.0000
vn 0.9756 -0.2197 -0.0000
vn 0.9659 0.2588 -0.0000
vn 0.7350 0.6781 -0.0000
vn -0.1406 0.9900 0.0071
vn 0.3351 0.9422 0.0059
vn -0.5842 0.8116 0.0067
vn -0.8943 0.4475 0.0047
vn -0.9998 -0.0191 0.0017
vn -0.8764 -0.4815 -0.0017
vn -0.5520 -0.8338 -0.0047
vn -0.1009 -0.9949 -0.0067
vn 0.3735 -0.9276 -0.0071
vn 0.7621 -0.6474 -0.0059
vn 0.9758 -0.2188 -0.0033
vn 0.9656 0.2599 0.0000
vn 0.7343 0.6788 0.0033
vn -0.1356 0.9776 0.1609
vn 0.3231 0.9391 0.1171
vn -0.5626 0.8090 0.1705
vn -0.8724 0.4670 0.1444
vn -0.9960 0.0172 0.0882
vn -0.8957 -0.4444 0.0152
vn -0.5852 -0.8089 -0.0563
vn -0.1300 -0.9853 -0.1109
vn 0.3646 -0.9206 -0.1397
vn 0.7680 -0.6261 -0.1348
vn 0.9781 -0.1853 -0.0953
vn 0.9563 0.2910 -0.0292
vn 0.7175 0.6949 0.0482
vn -0.0432 0.8879 0.4579
vn 0.4000 0.8470 0.3501
vn -0.4702 0.7434 0.4757
vn -0.8002 0.4467 0.4002
vn -0.9696 0.0561 0.2382
vn -0.9373 -0.3485 0.0059
vn -0.6936 -0.6689 -0.2673
vn -0.2759 -0.8079 -0.5208
vn 0.2184 -0.7393 -0.6370
vn 0.6616 -0.5171 -0.5430
vn 0.9337 -0.1653 -0.3177
vn 0.9656 0.2516 -0.0654
vn 0.7666 0.6200 0.1672
vn 0.0918 0.6054 0.7906
vn 0.4939 0.6316 0.5976
vn -0.3263 0.4556 0.8282
vn -0.6824 0.2112 0.6998
vn -0.9033 -0.0796 0.4215
vn -0.9350 -0.3519 0.0444
vn -0.7653 -0.5414 -0.3480
vn -0.4280 -0.6109 -0.6661
vn 0.0441 -0.5486 -0.8349
vn 0.5615 -0.3247 -0.7611
vn 0.8798 -0.0036 -0.4753
vn 0.9483 0.3012 -0.0998
vn 0.8025 0.5256 0.2822
vn 0.2425 0.2469 0.9382
vn 0.5941 0.3942 0.7012
vn -0.1584 0.0514 0.9860
vn -0.5282 -0.1634 0.8333
vn -0.7873 -0.3571 0.5027
vn -0.8756 -0.4794 0.0593
vn -0.7824 -0.4758 -0.4019
vn -0.5410 -0.2919 -0.7888
vn -0.1678 0.0460 -0.9847
vn 0.2870 0.3140 -0.9050
vn 0.6735 0.4397 -0.5941
vn 0.8601 0.4880 -0.1486
vn 0.8211 0.4755 0.3156
vn 0.3916 -0.0359 0.9194
vn 0.7214 0.1872 0.6667
vn -0.0227 -0.2503 0.9679
vn -0.4309 -0.4139 0.8019
vn -0.7449 -0.4896 0.4532
vn -0.8925 -0.4511 -0.0053
vn -0.8339 -0.2932 -0.4677
vn -0.5767 -0.0490 -0.8155
vn -0.1843 0.2065 -0.9609
vn 0.2458 0.4003 -0.8828
vn 0.6182 0.4970 -0.6090
vn 0.8513 0.4861 -0.1972
vn 0.8890 0.3744 0.2636
vn 0.4124 -0.1015 0.9053
vn 0.7554 0.1089 0.6462
vn -0.0251 -0.2886 0.9571
vn -0.4569 -0.4095 0.7896
vn -0.7840 -0.4367 0.4413
vn -0.9314 -0.3638 -0.0082
vn -0.8655 -0.2076 -0.4558
vn -0.6014 -0.0038 -0.7990
vn -0.1994 0.2009 -0.9591
vn 0.2482 0.3595 -0.8995
vn 0.6390 0.4358 -0.6339
vn 0.8834 0.4122 -0.2230
vn 0.9254 0.2942 0.2389
vn -0.4569 -0.4096 0.7896
vn -0.7839 -0.4367 0.4413
vn 0.9254 0.2943 0.2389
vn 0.9254 0.2943 0.2390
vn 0.6602 0.2561 -0.7061
vn 0.2746 0.1062 -0.9557
vn -0.0998 -0.0282 -0.9946
vn -0.5342 -0.1665 -0.8288
vn -0.8368 -0.2774 -0.4720
vn -0.9427 -0.3317 -0.0351
vn -0.8285 -0.3423 0.4433
vn -0.4796 -0.3255 0.8149
vn -0.0291 -0.2518 0.9673
vn 0.4011 -0.0799 0.9125
vn 0.7541 0.1515 0.6390
vn 0.9353 0.3060 0.1778
vn 0.8990 0.3284 -0.2896
vn 0.7002 0.1156 -0.7045
vn 0.3404 -0.0937 -0.9356
vn -0.0147 -0.2022 -0.9792
vn -0.4730 -0.2751 -0.8370
vn -0.5787 -0.7779 -0.2450
vn -0.9353 -0.3505 -0.0498
vn -0.9918 0.0328 0.1235
vn -0.7182 0.6735 0.1750
vn -0.4296 0.8891 0.1578
vn -0.1167 0.9823 0.1468
vn 0.6033 0.7862 0.1340
vn 0.9298 0.3677 0.0176
vn 0.9814 -0.1129 -0.1552
vn -0.5405 -0.8413 -0.0080
vn -0.9774 -0.2112 -0.0010
vn -0.9391 0.3437 0.0008
vn -0.6091 0.7931 -0.0000
vn -0.4159 0.9094 -0.0000
vn -0.2128 0.9771 -0.0000
vn 0.3058 0.9521 -0.0009
vn 0.8322 0.5544 -0.0080
vn 0.9897 -0.1433 -0.0073
vn -0.9713 -0.2341 0.0419
vn -0.5188 -0.8546 0.0228
vn -0.5892 -0.7848 0.1920
vn -0.9502 -0.0844 0.2999
vn -0.9142 0.3946 0.0924
vn -0.6850 0.7006 0.2001
vn -0.7314 0.3111 0.6068
vn -0.4264 0.8738 0.2339
vn -0.3733 0.5929 0.7135
vn -0.1617 0.9640 0.2108
vn -0.0126 0.7474 0.6643
vn 0.2441 0.9637 0.1083
vn 0.4049 0.7705 0.4923
vn 0.8248 0.5652 0.0161
vn 0.8125 0.5592 0.1648
vn 0.9924 -0.1221 -0.0137
vn 0.9907 -0.1061 0.0857
vn -0.1674 -0.7660 0.6206
vn 0.2317 -0.6782 0.6974
vn 0.4555 -0.5712 0.6829
vn 0.7178 -0.3364 0.6096
vn 0.6894 -0.7199 -0.0808
vn 0.4795 -0.8647 -0.1497
vn 0.3734 -0.9155 -0.1496
vn 0.2004 -0.9748 -0.0984
vn 0.4622 -0.8867 0.0075
vn 0.6688 -0.7434 -0.0059
vn 0.6178 -0.7778 0.1155
vn 0.4454 -0.8809 0.1602
vn 0.3908 -0.9204 0.0112
vn 0.3973 -0.9039 0.1588
vn 0.1592 -0.9871 0.0159
vn 0.1839 -0.9747 0.1273
vn 0.7004 -0.7137 -0.0042
vn 0.4640 -0.8858 -0.0029
vn 0.3904 -0.9206 -0.0036
vn 0.1673 -0.9859 -0.0022
vn -0.1081 0.9924 0.0583
vn -0.0033 0.8582 0.5133
vn 0.0033 0.8582 0.5133
vn 0.1081 0.9924 0.0583
vn 0.4380 0.0705 0.8962
vn -0.2142 0.0452 0.9757
vn -0.2096 -0.0194 0.9776
vn 0.4394 0.0148 0.8982
vn -0.7769 0.0452 0.6280
vn -0.7806 -0.0194 0.6247
vn -0.9973 0.0726 0.0081
vn -1.0000 -0.0003 0.0079
vn -0.0097 0.9998 0.0190
vn 0.2120 0.8748 0.4356
vn 0.2302 0.8605 0.4544
vn 0.0232 0.9997 -0.0000
vn 0.3733 0.5272 0.7633
vn 0.3861 0.5010 0.7745
vn 0.4443 0.0751 0.8927
vn -0.8571 0.5150 0.0065
vn -0.8571 0.5150 -0.0065
vn -0.9973 0.0726 -0.0081
vn -0.5135 0.8581 0.0054
vn -0.5135 0.8581 -0.0054
vn -0.0097 0.9998 -0.0190
vn 0.2302 0.8605 -0.4544
vn 0.2120 0.8748 -0.4356
vn 0.3861 0.5010 -0.7745
vn 0.3733 0.5272 -0.7633
vn 0.4443 0.0751 -0.8927
vn 0.4380 0.0705 -0.8962
vn -0.7769 0.0452 -0.6280
vn -0.7806 -0.0194 -0.6247
vn -1.0000 -0.0003 -0.0079
vn -0.2142 0.0452 -0.9757
vn -0.2096 -0.0194 -0.9776
vn 0.4394 0.0148 -0.8982
vn 0.4456 0.0154 -0.8951
vn 0.4456 0.0154 0.8951
vn -0.7134 0.4880 0.5029
vn -0.1306 0.4879 0.8630
vn -0.2566 0.8727 0.4154
vn 0.2649 0.9643 -0.0000
vn -0.1306 0.4879 -0.8631
vn -0.7134 0.4880 -0.5029
vn -0.2566 0.8727 -0.4154
vn 0.9973 0.0726 0.0081
vn 0.7769 0.0452 0.6280
vn 0.7806 -0.0193 0.6247
vn 1.0000 -0.0003 0.0079
vn 0.2142 0.0452 0.9757
vn 0.2096 -0.0194 0.9776
vn -0.4380 0.0705 0.8962
vn -0.4394 0.0148 0.8982
vn 0.0097 0.9998 0.0190
vn 0.5136 0.8580 0.0054
vn 0.5136 0.8580 -0.0054
vn 0.0097 0.9998 -0.0190
vn 0.8571 0.5150 0.0065
vn 0.8571 0.5150 -0.0065
vn 0.9973 0.0726 -0.0081
vn -0.3733 0.5273 0.7633
vn -0.3861 0.5010 0.7745
vn -0.4443 0.0751 0.8927
vn -0.2120 0.8748 0.4356
vn -0.2302 0.8605 0.4544
vn -0.0232 0.9997 -0.0000
vn -0.4443 0.0751 -0.8927
vn -0.3861 0.5010 -0.7745
vn -0.3733 0.5272 -0.7633
vn -0.4380 0.0705 -0.8962
vn -0.2302 0.8605 -0.4544
vn -0.2120 0.8748 -0.4356
vn 0.2142 0.0452 -0.9757
vn 0.2096 -0.0193 -0.9776
vn -0.4394 0.0148 -0.8982
vn 0.7769 0.0452 -0.6280
vn 0.7806 -0.0193 -0.6247
vn 1.0000 -0.0003 -0.0079
vn -0.4456 0.0154 -0.8951
vn -0.4456 0.0154 0.8951
vn 0.1306 0.4879 0.8631
vn 0.7134 0.4880 0.5029
vn 0.2566 0.8727 0.4154
vn -0.2649 0.9643 -0.0000
vn 0.7134 0.4880 -0.5029
vn 0.1306 0.4879 -0.8631
vn 0.2566 0.8727 -0.4154
vn -0.2429 0.4639 -0.8519
vn -0.1075 0.1400 -0.9843
vn -0.0310 0.0960 -0.9949
vn -0.1882 0.4334 -0.8813
vn -0.1657 0.5833 -0.7951
vn -0.0900 0.2447 -0.9654
vn 0.0410 0.7731 -0.6330
vn -0.0465 0.3357 -0.9408
vn -0.1995 0.5576 -0.8057
vn 0.1610 0.9249 -0.3445
vn -0.1502 0.9292 -0.3377
vn -0.1565 -0.0595 -0.9859
vn -0.1017 0.0177 -0.9947
vn 0.0024 0.0413 -0.9991
vn 0.0402 0.0095 -0.9991
vn -0.1766 -0.0383 -0.9835
vn -0.1317 0.1294 -0.9828
vn -0.2727 0.0782 -0.9589
vn -0.3651 0.3289 -0.8709
vn -0.1830 0.3477 -0.9196
vn -0.8544 -0.3893 -0.3442
vn -0.5929 -0.3954 -0.7015
vn -0.0060 0.1184 -0.9929
vn -0.0160 0.0201 -0.9997
vn -0.1141 0.3367 -0.9347
vn 0.0742 0.0518 -0.9959
vn 0.0040 0.4811 -0.8767
vn -0.0903 -0.2199 -0.9713
vn 0.7308 -0.3744 -0.5707
vn -0.4027 0.8732 -0.2744
vn -0.9732 0.0753 0.2175
vn -0.9384 0.0273 0.3444
vn -0.3429 0.9293 -0.1374
vn -0.6260 -0.2440 -0.7406
vn -0.3441 -0.0252 -0.9386
vn 0.5293 0.6242 -0.5747
vn 0.5826 0.6934 -0.4241
vn 0.0313 0.0916 -0.9953
vn -0.2174 -0.2487 -0.9439
vn -0.3746 -0.4635 -0.8031
vn -0.8096 -0.5068 -0.2961
vn 0.0973 -0.0518 -0.9939
vn 0.0618 -0.9965 0.0558
vn 0.6402 -0.7039 -0.3076
vn -0.7572 -0.5527 0.3480
vn 0.8271 0.0684 -0.5579
vn -0.7196 -0.5456 0.4295
vn -0.6685 -0.5313 0.5204
vn -0.8970 -0.0035 0.4420
vn -0.3758 0.9163 -0.1380
vn 0.5191 0.7028 -0.4863
vn 0.7172 -0.6799 -0.1531
vn 0.0901 -0.9738 0.2088
vn 0.8871 0.1797 -0.4252
vn -0.6237 -0.4984 0.6021
vn -0.8495 0.0408 0.5261
vn -0.3556 0.9151 -0.1902
vn 0.4547 0.6309 -0.6287
vn 0.7325 -0.6601 -0.1663
vn 0.1346 -0.9583 0.2520
vn 0.8337 0.2449 -0.4949
vn -0.5680 -0.4039 0.7170
vn -0.7567 0.0981 0.6464
vn -0.3950 0.8985 -0.1916
vn 0.3544 0.4960 -0.7927
vn 0.7338 -0.6452 -0.2126
vn 0.1777 -0.9468 0.2684
vn 0.7396 0.2288 -0.6330
vn -0.5393 -0.3366 0.7719
vn -0.7226 0.1574 0.6731
vn -0.5667 0.8181 -0.0978
vn 0.0765 0.4169 -0.9057
vn 0.6117 -0.7170 -0.3342
vn 0.1318 -0.9313 0.3397
vn 0.5693 0.0914 -0.8170
vn -0.4867 -0.3374 0.8058
vn -0.6933 0.1675 0.7009
vn -0.6312 0.7612 -0.1488
vn 0.4517 -0.7952 -0.4044
vn 0.0421 -0.9468 0.3189
vn 0.2693 0.0705 -0.9605
vn -0.2727 0.8042 -0.5281
vn -0.5536 0.6738 -0.4895
vn -0.5993 0.7462 -0.2899
vn -0.3022 0.8930 -0.3337
vn 0.0614 -0.3096 -0.9489
vn 0.1536 -0.2666 -0.9515
vn -0.3531 -0.5063 -0.7868
vn -0.9847 -0.1604 -0.0676
vn -0.9925 -0.1177 0.0342
vn 0.5111 0.7552 -0.4104
vn 0.5233 0.8232 -0.2201
vn 0.3986 -0.0684 -0.9146
vn 0.2403 -0.4223 -0.8740
vn 0.1591 -0.4673 -0.8697
vn 0.2246 -0.8251 -0.5184
vn 0.5164 -0.6876 -0.5104
vn -0.2856 -0.7311 -0.6196
vn 0.6236 -0.2180 -0.7508
vn 0.1620 -0.9655 0.2039
vn 0.7582 -0.6355 0.1458
vn 0.9262 0.3369 -0.1690
vn -0.7896 -0.6033 0.1118
vn -0.7474 -0.6292 0.2133
vn -0.9837 -0.1760 -0.0354
vn -0.6221 0.7118 -0.3261
vn -0.3100 0.8772 -0.3667
vn 0.5654 0.8008 -0.1977
vn 0.7857 -0.5391 0.3035
vn 0.2256 -0.9085 0.3518
vn 0.9244 0.3813 0.0066
vn -0.7024 -0.6747 0.2266
vn -0.9610 -0.2076 -0.1828
vn -0.5766 0.5913 -0.5639
vn -0.2695 0.7565 -0.5959
vn 0.6089 0.7394 -0.2875
vn 0.7650 -0.4797 0.4298
vn 0.2633 -0.8388 0.4766
vn 0.9281 0.3633 0.0811
vn -0.7246 -0.6610 0.1950
vn -0.9375 -0.2120 -0.2761
vn -0.5009 0.5202 -0.6917
vn -0.2538 0.6559 -0.7109
vn 0.6623 0.6582 -0.3581
vn 0.7151 -0.4605 0.5259
vn 0.2276 -0.7836 0.5781
vn 0.9391 0.3285 0.1007
vn -0.7418 -0.6494 0.1676
vn -0.9265 -0.2597 -0.2725
vn -0.4701 0.4985 -0.7283
vn -0.2502 0.5964 -0.7627
vn 0.6772 0.4946 -0.5447
vn 0.6797 -0.4664 0.5660
vn 0.1204 -0.7870 0.6051
vn 0.9580 0.2676 0.1032
vn -0.7443 -0.6459 0.1700
vn 0.6340 -0.5118 0.5797
vn 0.0002 -0.7880 0.6157
vn 0.9909 0.1345 -0.0048
vn 0.6384 -0.7114 0.2937
vn 0.5106 -0.6180 0.5977
vn -0.5596 -0.7912 0.2467
vn -0.1024 -0.7872 0.6081
vn 0.3156 -0.4524 -0.8341
vn -0.5670 -0.8230 0.0340
vn -0.3687 0.7698 -0.5210
vn -0.5081 0.8302 -0.2294
vn -0.1713 0.9739 -0.1492
vn -0.0698 0.9006 -0.4291
vn 0.5157 -0.2182 -0.8285
vn 0.5620 -0.1724 -0.8090
vn 0.0139 -0.3940 -0.9190
vn -0.9052 -0.0274 -0.4241
vn -0.9609 0.0764 -0.2663
vn 0.8301 0.5306 0.1714
vn 0.8584 0.5127 0.0151
vn 0.8736 -0.0365 -0.4853
vn 0.6037 -0.3939 -0.6931
vn 0.6030 -0.3916 -0.6950
vn 0.4914 -0.7354 -0.4666
vn 0.7439 -0.6482 -0.1625
vn 0.0333 -0.8129 -0.5815
vn 0.0924 -0.5578 -0.8248
vn 0.9501 -0.2295 -0.2111
vn -0.0723 -0.9927 0.0969
vn 0.6038 -0.7358 0.3066
vn -0.1192 -0.9732 0.1968
vn 0.5882 -0.7139 0.3799
vn -0.7023 -0.7083 -0.0710
vn -0.6515 -0.7388 -0.1724
vn 0.9737 0.0413 0.2239
vn 0.9462 0.0218 0.3228
vn -0.8786 -0.3215 -0.3531
vn -0.9450 -0.2410 -0.2210
vn -0.9135 0.0466 -0.4043
vn -0.4439 0.8376 -0.3184
vn -0.7665 -0.0590 -0.6395
vn -0.3031 0.7849 -0.5405
vn -0.1130 0.9790 -0.1696
vn -0.0208 0.9506 -0.3097
vn 0.7780 0.5328 0.3329
vn 0.6798 0.5875 0.4390
vn -0.0876 -0.9600 0.2660
vn 0.5240 -0.6477 0.5531
vn -0.6070 -0.7902 -0.0845
vn 0.8515 0.0888 0.5167
vn -0.8904 -0.2948 -0.3469
vn -0.5233 -0.8401 -0.1429
vn -0.7678 -0.3811 -0.5150
vn -0.6161 -0.1286 -0.7771
vn -0.1977 0.7426 -0.6398
vn 0.0577 0.9260 -0.3732
vn 0.6087 0.6522 0.4517
vn 0.4475 -0.5948 0.6677
vn -0.0843 -0.9512 0.2969
vn 0.7381 0.1768 0.6511
vn -0.4368 -0.8552 -0.2789
vn -0.6241 -0.4051 -0.6681
vn -0.4983 -0.1480 -0.8543
vn -0.2100 0.7380 -0.6413
vn 0.0205 0.9209 -0.3892
vn 0.5469 0.7169 0.4324
vn 0.3858 -0.5669 0.7278
vn -0.0532 -0.9529 0.2986
vn 0.6592 0.2195 0.7192
vn -0.3244 -0.8664 -0.3797
vn -0.4839 -0.4065 -0.7750
vn -0.4210 -0.2042 -0.8838
vn -0.2587 0.6298 -0.7324
vn -0.0673 0.8583 -0.5086
vn 0.5660 0.7290 0.3849
vn 0.3373 -0.5496 0.7643
vn 0.0335 -0.9365 0.3491
vn 0.5916 0.2063 0.7793
vn -0.2040 -0.9355 -0.2886
vn -0.3727 -0.4847 -0.7913
vn 0.3435 -0.5067 0.7907
vn 0.1258 -0.8848 0.4486
vn 0.2764 -0.7538 0.5962
vn 0.4057 -0.4059 0.8189
vn 0.5846 0.1817 0.7907
vn 0.6148 0.0254 0.7883
vn 0.9070 -0.1586 0.3902
vn -0.1752 0.9793 0.1012
vn -0.0732 0.9897 -0.1233
vn -0.4042 0.8589 -0.3145
vn -0.4785 0.8567 -0.1925
vn -0.2956 0.7887 -0.5391
vn 0.0635 0.9116 -0.4061
vn 0.2197 0.8723 0.4369
vn 0.4821 0.6161 0.6229
vn 0.6734 0.6864 0.2745
vn 0.3517 0.9297 0.1097
vn 0.7489 0.6626 0.0140
vn 0.4670 0.8587 -0.2112
vn 0.2171 0.2364 -0.9471
vn -0.4982 0.1641 -0.8514
vn 0.5782 0.1861 -0.7944
vn 0.9628 0.2129 -0.1661
vn 0.2402 -0.0381 -0.9700
vn -0.5205 -0.1652 -0.8377
vn -0.2668 -0.7417 -0.6154
vn 0.9769 -0.1772 -0.1194
vn 0.5767 -0.0076 -0.8169
vn 0.5933 -0.7423 -0.3114
vn 0.0897 -0.8068 -0.5840
vn -0.0461 -0.9622 -0.2683
vn -0.3483 -0.8077 -0.4758
vn -0.4174 -0.8209 -0.3897
vn -0.0909 -0.9881 -0.1241
vn 0.4823 -0.8713 0.0902
vn 0.9053 -0.3068 0.2938
vn 0.3877 -0.8378 0.3844
vn 0.6794 -0.2126 0.7022
vn 0.9141 0.2502 0.3191
vn 0.6646 0.2392 0.7079
vn -0.7180 -0.1773 -0.6731
vn -0.7675 -0.1377 -0.6261
vn -0.7831 0.1994 -0.5890
vn -0.7609 0.1583 -0.6293
vn -0.2096 0.9674 0.1421
vn -0.4893 0.8559 -0.1674
vn 0.1636 0.8306 0.5324
vn 0.3936 0.5358 0.7470
vn -0.3566 -0.7563 -0.5485
vn -0.0778 -0.9612 -0.2645
vn 0.3906 -0.8375 0.3821
vn 0.5354 -0.3124 0.7847
vn -0.7228 -0.0807 -0.6863
vn 0.5101 0.1304 0.8502
vn -0.7583 0.2256 -0.6116
vn -0.3140 0.9244 0.2166
vn -0.5774 0.8116 -0.0886
vn 0.0679 0.8149 0.5756
vn 0.3775 0.5182 0.7674
vn -0.2547 -0.6943 -0.6731
vn 0.0032 -0.8898 -0.4563
vn 0.5093 -0.8362 0.2036
vn 0.6669 -0.3582 0.6534
vn -0.6345 -0.0616 -0.7705
vn 0.5971 0.0522 0.8005
vn -0.7109 0.2330 -0.6636
vn -0.4276 0.8791 0.2104
vn -0.6257 0.7661 -0.1468
vn -0.0594 0.8066 0.5880
vn 0.3016 0.5164 0.8015
vn -0.0792 -0.7658 -0.6382
vn 0.1673 -0.8941 -0.4155
vn 0.6084 -0.7700 0.1924
vn 0.7135 -0.3257 0.6203
vn -0.5361 -0.1699 -0.8269
vn 0.6192 0.0419 0.7841
vn -0.6613 0.1484 -0.7353
vn -0.3275 0.9448 -0.0080
vn -0.4325 0.7213 -0.5409
vn -0.0707 0.8363 0.5437
vn 0.1540 0.5266 0.8361
vn 0.1195 -0.7656 -0.6321
vn 0.3629 -0.9017 -0.2349
vn 0.5330 -0.7317 0.4248
vn 0.5244 -0.2688 0.8080
vn -0.2997 -0.2626 -0.9172
vn 0.3927 0.1089 0.9132
vn -0.4134 0.0162 -0.9104
vn 0.0243 0.8812 0.4722
vn 0.1670 0.5269 0.8334
vn 0.5821 -0.5370 0.6106
vn 0.4367 -0.1941 0.8784
vn 0.3045 0.1690 0.9374
vn 0.3510 -0.5432 -0.7627
vn 0.3472 -0.5278 -0.7752
vn 0.1763 -0.9437 -0.2800
vn 0.1768 -0.9496 -0.2588
vn 0.1812 -0.9470 -0.2651
vn 0.3529 -0.5411 -0.7633
vn 0.0041 -0.9788 0.2050
vn -0.0008 -0.9812 0.1929
vn 0.0033 -0.9840 0.1783
vn -0.1433 -0.7804 0.6086
vn -0.1727 -0.7857 0.5940
vn -0.1762 -0.7935 0.5825
vn -0.2587 -0.4358 0.8621
vn -0.3048 -0.4165 0.8565
vn -0.3150 -0.4182 0.8520
vn -0.3376 -0.0175 0.9411
vn -0.3722 0.0422 0.9272
vn -0.3805 0.0546 0.9232
vn -0.3467 0.4803 0.8057
vn -0.3558 0.5051 0.7863
vn -0.3574 0.5147 0.7793
vn -0.2499 0.8485 0.4665
vn -0.2531 0.8495 0.4629
vn -0.2511 0.8548 0.4541
vn -0.0918 0.9951 0.0379
vn -0.0913 0.9952 0.0356
vn -0.0867 0.9959 0.0241
vn 0.1083 0.8890 -0.4448
vn 0.1126 0.8876 -0.4467
vn 0.1249 0.8729 -0.4716
vn 0.2628 0.5824 -0.7692
vn 0.2667 0.5832 -0.7673
vn 0.2688 0.5798 -0.7692
vn 0.3733 -0.0357 -0.9270
vn 0.3781 -0.0319 -0.9252
vn 0.3781 -0.0103 -0.9257
vn 0.2501 -0.4770 -0.8426
vn 0.3216 -0.4939 -0.8078
vn 0.3403 -0.0409 -0.9394
vn 0.2514 -0.0540 -0.9664
vn 0.1759 -0.9236 -0.3407
vn 0.1620 -0.9069 -0.3890
vn 0.0138 -0.9762 0.2166
vn 0.0101 -0.9757 0.2187
vn -0.1000 -0.7773 0.6212
vn -0.1055 -0.7794 0.6176
vn -0.1896 -0.4805 0.8562
vn -0.1806 -0.5082 0.8421
vn -0.2727 -0.1414 0.9517
vn -0.2283 -0.2143 0.9497
vn -0.3151 0.4257 0.8482
vn -0.2507 0.3957 0.8835
vn -0.2315 0.8486 0.4757
vn -0.1826 0.8539 0.4873
vn -0.0897 0.9951 0.0417
vn -0.0787 0.9960 0.0428
vn 0.0917 0.8893 -0.4479
vn 0.0555 0.8873 -0.4578
vn 0.2398 0.5799 -0.7786
vn 0.1740 0.5740 -0.8001
vn 0.0417 -0.5587 -0.8283
vn 0.1582 -0.5080 -0.8467
vn 0.1433 -0.0741 -0.9869
vn 0.0117 -0.0997 -0.9950
vn 0.1200 -0.9304 -0.3465
vn 0.0598 -0.9586 -0.2784
vn 0.0050 -0.9734 0.2290
vn 0.0291 -0.9688 0.2460
vn -0.1065 -0.7694 0.6298
vn -0.0169 -0.7516 0.6594
vn -0.1692 -0.4765 0.8628
vn -0.0436 -0.4068 0.9125
vn -0.1769 -0.1402 0.9742
vn -0.0407 0.0021 0.9992
vn -0.1599 0.4355 0.8859
vn -0.0340 0.4992 0.8658
vn -0.1183 0.8593 0.4976
vn -0.0411 0.8629 0.5038
vn -0.0636 0.9970 0.0433
vn -0.0464 0.9980 0.0434
vn 0.0125 0.8857 -0.4641
vn -0.0398 0.8834 -0.4669
vn 0.0910 0.5656 -0.8196
vn -0.0085 0.5536 -0.8327
vn -0.3111 -0.6213 -0.7192
vn -0.1194 -0.5985 -0.7922
vn -0.1756 -0.1357 -0.9751
vn -0.4046 -0.1791 -0.8968
vn -0.0058 -0.9729 -0.2310
vn -0.0694 -0.9799 -0.1868
vn 0.0769 -0.9629 0.2588
vn 0.1340 -0.9546 0.2662
vn 0.1362 -0.7289 0.6709
vn 0.3004 -0.7028 0.6449
vn 0.1666 -0.3465 0.9231
vn 0.3934 -0.3068 0.8667
vn 0.1671 0.0989 0.9810
vn 0.4029 0.1404 0.9044
vn 0.1318 0.5394 0.8317
vn 0.3316 0.5598 0.7594
vn 0.0616 0.8670 0.4945
vn 0.1886 0.8740 0.4478
vn -0.0251 0.9989 0.0385
vn -0.0032 0.9998 0.0193
vn -0.1143 0.8794 -0.4622
vn -0.2108 0.8718 -0.4421
vn -0.1531 0.5357 -0.8304
vn -0.3427 0.5105 -0.7886
vn -0.6137 -0.6477 -0.4515
vn -0.4843 -0.6370 -0.5997
vn -0.6188 -0.2187 -0.7545
vn -0.7869 -0.2418 -0.5677
vn -0.1139 -0.9840 -0.1372
vn -0.1342 -0.9864 -0.0951
vn 0.1960 -0.9475 0.2525
vn 0.2561 -0.9450 0.2032
vn 0.4490 -0.6847 0.5741
vn 0.5750 -0.6823 0.4515
vn 0.5908 -0.2832 0.7555
vn 0.7556 -0.2788 0.5927
vn 0.6080 0.1620 0.7772
vn 0.7761 0.1721 0.6067
vn 0.5048 0.5756 0.6433
vn 0.6388 0.5885 0.4955
vn 0.2912 0.8831 0.3678
vn 0.3603 0.8913 0.2753
vn -0.0014 1.0000 -0.0063
vn -0.0146 0.9998 -0.0141
vn -0.3139 0.8639 -0.3938
vn -0.4038 0.8638 -0.3014
vn -0.5381 0.4836 -0.6904
vn -0.7045 0.4712 -0.5306
vn -0.7484 -0.6477 -0.1424
vn -0.7004 -0.6456 -0.3044
vn -0.8938 -0.2461 -0.3748
vn -0.9535 -0.2514 -0.1662
vn -0.1511 -0.9861 -0.0689
vn -0.1612 -0.9861 -0.0408
vn 0.2909 -0.9481 0.1282
vn 0.3082 -0.9501 0.0480
vn 0.6582 -0.6926 0.2952
vn 0.7024 -0.7005 0.1261
vn 0.8729 -0.2894 0.3929
vn 0.9380 -0.2996 0.1744
vn 0.8990 0.1702 0.4034
vn 0.9693 0.1647 0.1825
vn 0.7341 0.5950 0.3272
vn 0.7891 0.5955 0.1503
vn 0.4042 0.8969 0.1794
vn 0.4296 0.8989 0.0860
vn -0.0280 0.9996 -0.0088
vn -0.0350 0.9994 0.0047
vn -0.4622 0.8659 -0.1913
vn -0.4944 0.8661 -0.0744
vn -0.8116 0.4719 -0.3445
vn -0.8711 0.4692 -0.1448
vn -0.7676 -0.6384 -0.0573
vn -0.9656 -0.2518 -0.0645
vn -0.1717 -0.9850 -0.0145
vn 0.3051 -0.9520 0.0259
vn 0.7100 -0.7013 0.0640
vn 0.9518 -0.2935 0.0893
vn 0.9792 0.1787 0.0963
vn 0.7854 0.6133 0.0837
vn 0.4160 0.9077 0.0557
vn -0.0510 0.9985 0.0198
vn -0.5031 0.8641 -0.0154
vn -0.8821 0.4686 -0.0474
vn -0.7529 -0.6279 0.1974
vn -0.9556 -0.2263 0.1888
vn -0.1996 -0.9545 0.2214
vn 0.2839 -0.9262 0.2481
vn 0.7032 -0.6578 0.2698
vn 0.9203 -0.2716 0.2814
vn 0.9408 0.2216 0.2567
vn 0.7270 0.6513 0.2174
vn 0.3840 0.9064 0.1759
vn -0.0794 0.9870 0.1397
vn -0.4834 0.8659 0.1291
vn -0.8356 0.5243 0.1637
vn -0.5967 -0.5417 0.5921
vn -0.2272 -0.8481 0.4787
vn 0.2419 -0.7551 0.6094
vn 0.5885 -0.5140 0.6241
vn 0.7349 -0.1926 0.6502
vn 0.7885 0.2459 0.5637
vn 0.6309 0.6358 0.4446
vn 0.3392 0.8837 0.3224
vn -0.1133 0.9682 0.2229
vn -0.4742 0.8645 0.1667
vn -0.7416 0.6191 0.2584
vn -0.8080 -0.0432 0.5876
vn -0.3104 -0.8191 0.4824
vn 0.1060 -0.7204 0.6854
vn 0.4150 -0.5902 0.6924
vn 0.4785 -0.3544 0.8034
vn 0.5756 -0.2187 0.7879
vn 0.4868 -0.0110 0.8734
vn 0.4240 0.2322 0.8754
vn 0.4092 0.5318 0.7414
vn 0.1606 0.9865 -0.0306
vn 0.3826 0.8790 0.2845
vn -0.2039 0.9291 -0.3085
vn -0.4364 0.8253 -0.3584
vn 0.2261 0.8657 0.4466
vn 0.4312 -0.6102 0.6646
vn -0.3275 -0.8852 0.3304
vn 0.2240 -0.5575 -0.7994
vn 0.0798 -0.3488 -0.9338
vn -0.3153 -0.4640 -0.8278
vn 0.0594 -0.8492 -0.5248
vn 0.2354 -0.9615 -0.1415
vn -0.0779 -0.8878 0.4535
vn 0.0000 -0.9992 -0.0394
vn -0.3426 -0.9345 -0.0962
vn -0.6374 -0.7321 -0.2403
vn 0.3983 -0.2090 -0.8931
vn 0.2546 -0.3688 -0.8940
vn 0.5681 -0.8230 -0.0000
vn 0.8855 -0.4647 -0.0000
vn 0.0537 -0.4426 -0.8951
vn 0.1205 -0.9927 -0.0000
vn -0.1572 -0.4145 -0.8963
vn -0.3546 -0.9350 -0.0000
vn -0.3303 -0.2927 -0.8973
vn -0.7485 -0.6631 -0.0000
vn -0.4274 -0.1053 -0.8979
vn -0.9709 -0.2393 -0.0000
vn -0.4274 0.1053 -0.8979
vn -0.9709 0.2393 0.0000
vn -0.3303 0.2927 -0.8973
vn -0.7485 0.6631 -0.0000
vn -0.1572 0.4145 -0.8963
vn -0.3546 0.9350 -0.0000
vn 0.0537 0.4426 -0.8951
vn 0.1205 0.9927 -0.0000
vn 0.2546 0.3688 -0.8940
vn 0.5681 0.8230 -0.0000
vn 0.3983 0.2090 -0.8931
vn 0.8855 0.4647 -0.0000
vn 0.4504 0.0000 -0.8928
vn 1.0000 -0.0000 -0.0000
vn 0.2147 -0.1126 -0.9702
vn 0.1378 -0.1993 -0.9702
vn 0.0000 -0.0000 -1.0000
vn 0.0293 -0.2403 -0.9703
vn -0.0856 -0.2262 -0.9703
vn -0.1808 -0.1603 -0.9704
vn -0.2345 -0.0578 -0.9704
vn -0.2345 0.0578 -0.9704
vn -0.1808 0.1603 -0.9704
vn -0.0856 0.2262 -0.9703
vn 0.0293 0.2403 -0.9703
vn 0.1378 0.1993 -0.9702
vn 0.2147 0.1126 -0.9702
vn 0.2425 0.0000 -0.9701
vn -0.0000 -0.0000 -1.0000
vn -0.0000 0.0000 -1.0000
vn 0.0000 0.0000 -1.0000
vn 0.0365 -0.0527 -0.9979
vn 0.0570 -0.0299 -0.9979
vn 0.7705 -0.4048 -0.4924
vn 0.4933 -0.7159 -0.4941
vn 0.0078 -0.0632 -0.9980
vn 0.1038 -0.8618 -0.4965
vn -0.0224 -0.0592 -0.9980
vn -0.3080 -0.8100 -0.4990
vn -0.0471 -0.0418 -0.9980
vn -0.6481 -0.5735 -0.5011
vn -0.0609 -0.0150 -0.9980
vn -0.8396 -0.2068 -0.5022
vn -0.0609 0.0150 -0.9980
vn -0.8397 0.2068 -0.5022
vn -0.0471 0.0418 -0.9980
vn -0.6481 0.5735 -0.5011
vn -0.0224 0.0592 -0.9980
vn -0.3080 0.8100 -0.4990
vn 0.0078 0.0632 -0.9980
vn 0.1038 0.8618 -0.4965
vn 0.0365 0.0527 -0.9979
vn 0.4933 0.7159 -0.4941
vn 0.0570 0.0299 -0.9979
vn 0.7705 0.4048 -0.4924
vn 0.0645 0.0000 -0.9979
vn 0.8707 0.0000 -0.4918
vn 0.0313 -0.0452 0.9985
vn 0.0488 -0.0256 0.9985
vn 0.0000 -0.0000 1.0000
vn 0.0067 -0.0544 0.9985
vn -0.0193 -0.0511 0.9985
vn -0.0408 -0.0362 0.9985
vn -0.0528 -0.0130 0.9985
vn -0.0528 0.0130 0.9985
vn -0.0408 0.0362 0.9985
vn -0.0193 0.0511 0.9985
vn 0.0067 0.0544 0.9985
vn 0.0313 0.0452 0.9985
vn 0.0488 0.0256 0.9985
vn 0.0551 -0.0000 0.9985
vn -0.3156 -0.8300 0.4599
vn -0.6642 -0.5878 0.4618
vn -0.8607 -0.2119 0.4630
vn -0.9709 0.2393 -0.0000
vn -0.8607 0.2119 0.4629
vn -0.6642 0.5878 0.4618
vn -0.3156 0.8300 0.4599
vn 0.1064 0.8828 0.4575
vn 0.5053 0.7332 0.4552
vn 0.7890 0.4145 0.4535
vn 1.0000 0.0000 -0.0000
vn 0.8915 -0.0000 0.4529
vn 0.7890 -0.4145 0.4535
vn 0.5053 -0.7332 0.4552
vn 0.1064 -0.8828 0.4574
vn 0.1205 0.9927 0.0000
vn 0.8855 0.4647 0.0000
vn -0.3546 -0.9350 -0.0050
vn 0.1205 -0.9927 -0.0050
vn 0.5681 -0.8230 -0.0049
vn 0.8854 -0.4647 -0.0049
vn 1.0000 -0.0000 -0.0049
vn 0.8854 0.4647 -0.0049
vn 0.5681 0.8230 -0.0049
vn 0.1205 0.9927 -0.0050
vn -0.3546 0.9350 -0.0050
vn -0.7485 0.6631 -0.0050
vn -0.9709 0.2393 -0.0050
vn -0.9709 -0.2393 -0.0050
vn -0.7485 -0.6631 -0.0050
vn -0.0048 0.0593 0.9982
vn -0.6325 0.0536 0.7727
vn -0.6325 -0.0537 0.7727
vn -0.0048 -0.0593 0.9982
vn -0.9792 0.0536 0.1959
vn -0.9792 -0.0537 0.1959
vn -0.8556 0.2883 -0.4299
vn -0.8553 -0.2882 -0.4305
vn -0.0040 0.5145 0.8575
vn 0.0040 0.5145 0.8575
vn 0.0048 0.0593 0.9982
vn -0.8424 0.3106 -0.4403
vn -0.8415 0.3032 -0.4472
vn -0.2101 0.9722 -0.1031
vn -0.2038 0.9730 -0.1084
vn 0.8556 0.2882 -0.4299
vn 0.9792 0.0536 0.1959
vn 0.9792 -0.0536 0.1959
vn 0.8553 -0.2882 -0.4305
vn 0.6325 0.0536 0.7727
vn 0.6325 -0.0537 0.7727
vn 0.0048 -0.0593 0.9982
vn 0.2101 0.9722 -0.1031
vn 0.2038 0.9730 -0.1084
vn 0.8424 0.3106 -0.4403
vn 0.8415 0.3032 -0.4472
vn -0.8424 -0.3101 -0.4407
vn -0.8415 -0.3028 -0.4474
vn -0.0040 -0.5145 0.8575
vn 0.0040 -0.5145 0.8575
vn -0.0033 -0.8582 0.5133
vn 0.0033 -0.8582 0.5133
vn -0.0017 -0.9723 0.2336
vn 0.1096 -0.9923 0.0578
vn 0.8424 -0.3101 -0.4407
vn 0.8415 -0.3028 -0.4474
vn 0.2131 -0.9714 -0.1047
vn 0.2069 -0.9722 -0.1101
vn -0.6605 -0.0090 -0.7508
vn 0.6605 -0.0090 -0.7508
vn -0.8579 0.5009 0.1143
vn -0.5036 0.5009 0.7039
vn -0.4112 0.8774 0.2471
vn 0.5036 0.5009 0.7039
vn 0.8580 0.5009 0.1143
vn 0.4112 0.8774 0.2471
vn -0.5035 -0.5009 0.7039
vn -0.8579 -0.5009 0.1142
vn -0.3841 -0.9218 0.0522
vn -0.4112 -0.8774 0.2470
vn 0.8579 -0.5009 0.1142
vn 0.5036 -0.5009 0.7039
vn 0.4112 -0.8775 0.2470
vn -0.3760 0.7958 -0.4746
vn 0.3760 0.7958 -0.4746
vn 0.3807 -0.7846 -0.4894
vn -0.6521 -0.3002 -0.6962
vn 0.2429 0.4640 -0.8519
vn 0.1882 0.4334 -0.8813
vn 0.0310 0.0960 -0.9949
vn 0.1075 0.1400 -0.9843
vn 0.1657 0.5833 -0.7951
vn 0.0900 0.2447 -0.9654
vn -0.0410 0.7731 -0.6330
vn 0.0465 0.3357 -0.9408
vn 0.1995 0.5576 -0.8057
vn 0.1502 0.9292 -0.3377
vn -0.1610 0.9249 -0.3445
vn 0.1565 -0.0595 -0.9859
vn 0.1017 0.0178 -0.9947
vn -0.0024 0.0413 -0.9991
vn -0.0402 0.0095 -0.9991
vn 0.1766 -0.0383 -0.9835
vn 0.2727 0.0782 -0.9589
vn 0.1317 0.1294 -0.9828
vn 0.3650 0.3290 -0.8709
vn 0.1830 0.3477 -0.9196
vn 0.5929 -0.3954 -0.7015
vn 0.8544 -0.3893 -0.3442
vn 0.0060 0.1184 -0.9929
vn 0.0160 0.0201 -0.9997
vn 0.1141 0.3367 -0.9347
vn -0.0742 0.0518 -0.9959
vn -0.0040 0.4811 -0.8767
vn 0.0903 -0.2199 -0.9713
vn -0.7308 -0.3744 -0.5707
vn 0.4027 0.8732 -0.2744
vn 0.3429 0.9293 -0.1374
vn 0.9384 0.0273 0.3444
vn 0.9732 0.0753 0.2175
vn 0.6260 -0.2440 -0.7406
vn 0.3441 -0.0252 -0.9386
vn -0.5293 0.6242 -0.5747
vn -0.5826 0.6934 -0.4241
vn -0.0313 0.0916 -0.9953
vn 0.3746 -0.4635 -0.8031
vn 0.2174 -0.2487 -0.9439
vn 0.8096 -0.5068 -0.2961
vn -0.0973 -0.0518 -0.9939
vn -0.0618 -0.9965 0.0558
vn -0.6402 -0.7039 -0.3076
vn 0.7572 -0.5527 0.3480
vn -0.8271 0.0684 -0.5579
vn 0.7196 -0.5456 0.4295
vn 0.8970 -0.0035 0.4420
vn 0.6685 -0.5313 0.5204
vn 0.3758 0.9163 -0.1380
vn -0.5191 0.7028 -0.4863
vn -0.0901 -0.9738 0.2088
vn -0.7172 -0.6799 -0.1531
vn -0.8871 0.1797 -0.4252
vn 0.8495 0.0408 0.5261
vn 0.6237 -0.4984 0.6021
vn 0.3556 0.9151 -0.1902
vn -0.4547 0.6309 -0.6287
vn -0.1346 -0.9583 0.2520
vn -0.7325 -0.6601 -0.1663
vn -0.8337 0.2449 -0.4949
vn 0.7567 0.0981 0.6464
vn 0.5680 -0.4039 0.7170
vn 0.3950 0.8985 -0.1916
vn -0.3544 0.4960 -0.7927
vn -0.1777 -0.9468 0.2684
vn -0.7338 -0.6453 -0.2126
vn -0.7396 0.2288 -0.6330
vn 0.7226 0.1574 0.6731
vn 0.5393 -0.3366 0.7719
vn 0.5667 0.8181 -0.0978
vn -0.0765 0.4169 -0.9057
vn -0.1318 -0.9313 0.3397
vn -0.6117 -0.7170 -0.3342
vn -0.5693 0.0914 -0.8170
vn 0.6933 0.1675 0.7009
vn 0.4867 -0.3374 0.8058
vn 0.6312 0.7612 -0.1488
vn -0.0421 -0.9468 0.3189
vn -0.4517 -0.7952 -0.4044
vn -0.2693 0.0705 -0.9605
vn 0.2727 0.8042 -0.5281
vn 0.3022 0.8930 -0.3337
vn 0.5993 0.7462 -0.2899
vn 0.5536 0.6738 -0.4895
vn -0.0614 -0.3096 -0.9489
vn -0.1536 -0.2666 -0.9515
vn 0.9847 -0.1604 -0.0676
vn 0.3531 -0.5063 -0.7868
vn 0.9925 -0.1177 0.0342
vn -0.5111 0.7552 -0.4104
vn -0.5233 0.8232 -0.2201
vn -0.3986 -0.0684 -0.9146
vn -0.1591 -0.4673 -0.8697
vn -0.2403 -0.4223 -0.8740
vn -0.2246 -0.8251 -0.5184
vn -0.5164 -0.6876 -0.5104
vn 0.2856 -0.7311 -0.6196
vn -0.6236 -0.2180 -0.7508
vn -0.1620 -0.9655 0.2039
vn -0.7582 -0.6355 0.1458
vn -0.9262 0.3369 -0.1690
vn 0.7474 -0.6292 0.2133
vn 0.7896 -0.6033 0.1118
vn 0.6221 0.7118 -0.3261
vn 0.9837 -0.1760 -0.0354
vn 0.3100 0.8772 -0.3667
vn -0.5654 0.8008 -0.1977
vn -0.2256 -0.9085 0.3518
vn -0.7857 -0.5391 0.3035
vn -0.9244 0.3813 0.0066
vn 0.7024 -0.6747 0.2266
vn 0.5766 0.5913 -0.5639
vn 0.9610 -0.2076 -0.1828
vn 0.2695 0.7565 -0.5959
vn -0.6089 0.7394 -0.2875
vn -0.2633 -0.8388 0.4766
vn -0.7650 -0.4797 0.4298
vn -0.9281 0.3633 0.0811
vn 0.7246 -0.6610 0.1950
vn 0.5009 0.5202 -0.6917
vn 0.9375 -0.2120 -0.2761
vn 0.2538 0.6559 -0.7109
vn -0.6623 0.6582 -0.3580
vn -0.2276 -0.7836 0.5781
vn -0.7151 -0.4605 0.5259
vn -0.9391 0.3285 0.1007
vn 0.7418 -0.6494 0.1676
vn 0.4701 0.4985 -0.7283
vn 0.9264 -0.2597 -0.2725
vn 0.2502 0.5964 -0.7627
vn -0.6772 0.4946 -0.5447
vn -0.1204 -0.7870 0.6051
vn -0.6797 -0.4664 0.5660
vn -0.9580 0.2676 0.1032
vn 0.7443 -0.6459 0.1700
vn -0.0002 -0.7880 0.6157
vn -0.6340 -0.5118 0.5797
vn -0.9909 0.1345 -0.0048
vn -0.6384 -0.7114 0.2937
vn -0.5106 -0.6180 0.5977
vn 0.5596 -0.7912 0.2467
vn 0.1024 -0.7872 0.6081
vn -0.3156 -0.4524 -0.8341
vn 0.5670 -0.8230 0.0340
vn 0.3687 0.7698 -0.5210
vn 0.0698 0.9006 -0.4291
vn 0.1713 0.9739 -0.1492
vn 0.5081 0.8302 -0.2294
vn -0.5157 -0.2182 -0.8285
vn -0.5620 -0.1724 -0.8090
vn 0.9052 -0.0274 -0.4241
vn -0.0139 -0.3940 -0.9190
vn 0.9609 0.0764 -0.2663
vn -0.8584 0.5127 0.0151
vn -0.8301 0.5306 0.1714
vn -0.8736 -0.0365 -0.4853
vn -0.6030 -0.3916 -0.6950
vn -0.6037 -0.3939 -0.6931
vn -0.4914 -0.7354 -0.4666
vn -0.7439 -0.6482 -0.1625
vn -0.0924 -0.5578 -0.8248
vn -0.0333 -0.8129 -0.5815
vn -0.9501 -0.2295 -0.2111
vn 0.0723 -0.9927 0.0969
vn -0.6038 -0.7358 0.3066
vn 0.1192 -0.9732 0.1968
vn -0.5882 -0.7139 0.3799
vn 0.6515 -0.7388 -0.1724
vn 0.7023 -0.7083 -0.0710
vn -0.9737 0.0413 0.2239
vn -0.9462 0.0218 0.3228
vn 0.8786 -0.3215 -0.3531
vn 0.9450 -0.2410 -0.2210
vn 0.4439 0.8376 -0.3184
vn 0.9135 0.0466 -0.4043
vn 0.3031 0.7849 -0.5405
vn 0.7665 -0.0590 -0.6395
vn 0.1130 0.9790 -0.1696
vn 0.0208 0.9506 -0.3097
vn -0.7780 0.5328 0.3329
vn -0.6798 0.5875 0.4390
vn 0.0876 -0.9600 0.2660
vn -0.5240 -0.6477 0.5531
vn 0.6070 -0.7902 -0.0845
vn -0.8515 0.0888 0.5167
vn 0.8904 -0.2948 -0.3469
vn 0.7678 -0.3811 -0.5150
vn 0.5233 -0.8401 -0.1429
vn 0.1978 0.7426 -0.6398
vn 0.6161 -0.1286 -0.7771
vn -0.0577 0.9260 -0.3732
vn -0.6087 0.6522 0.4517
vn 0.0843 -0.9512 0.2969
vn -0.4475 -0.5948 0.6677
vn -0.7381 0.1768 0.6511
vn 0.6241 -0.4051 -0.6681
vn 0.4368 -0.8552 -0.2789
vn 0.2100 0.7380 -0.6413
vn 0.4983 -0.1480 -0.8543
vn -0.0205 0.9209 -0.3892
vn -0.5469 0.7169 0.4324
vn 0.0532 -0.9529 0.2986
vn -0.3858 -0.5669 0.7278
vn -0.6592 0.2195 0.7192
vn 0.4839 -0.4065 -0.7750
vn 0.3244 -0.8664 -0.3797
vn 0.2587 0.6298 -0.7324
vn 0.4210 -0.2042 -0.8838
vn 0.0673 0.8583 -0.5087
vn -0.5660 0.7290 0.3849
vn -0.0335 -0.9365 0.3491
vn -0.3373 -0.5496 0.7643
vn -0.5916 0.2063 0.7793
vn 0.3727 -0.4847 -0.7913
vn 0.2040 -0.9355 -0.2886
vn -0.1258 -0.8848 0.4486
vn -0.3435 -0.5067 0.7907
vn -0.2764 -0.7538 0.5962
vn -0.4057 -0.4059 0.8189
vn -0.5846 0.1817 0.7908
vn -0.6148 0.0254 0.7883
vn -0.9070 -0.1586 0.3902
vn 0.1752 0.9793 0.1012
vn 0.4785 0.8567 -0.1925
vn 0.4042 0.8589 -0.3145
vn 0.0732 0.9897 -0.1233
vn 0.2956 0.7887 -0.5391
vn -0.0635 0.9116 -0.4061
vn -0.2197 0.8723 0.4369
vn -0.3517 0.9297 0.1097
vn -0.6734 0.6864 0.2745
vn -0.4821 0.6161 0.6229
vn -0.4670 0.8587 -0.2112
vn -0.7489 0.6626 0.0140
vn 0.4982 0.1641 -0.8514
vn -0.2171 0.2364 -0.9471
vn -0.5782 0.1861 -0.7944
vn -0.9628 0.2129 -0.1661
vn 0.5205 -0.1652 -0.8377
vn -0.2402 -0.0381 -0.9700
vn 0.2668 -0.7417 -0.6154
vn -0.9769 -0.1772 -0.1194
vn -0.5767 -0.0076 -0.8169
vn -0.5933 -0.7423 -0.3114
vn -0.0897 -0.8067 -0.5840
vn 0.3483 -0.8077 -0.4758
vn 0.0461 -0.9622 -0.2683
vn 0.4174 -0.8209 -0.3897
vn 0.0909 -0.9881 -0.1241
vn -0.4823 -0.8713 0.0902
vn -0.9053 -0.3068 0.2938
vn -0.3877 -0.8378 0.3844
vn -0.6794 -0.2126 0.7022
vn -0.6646 0.2392 0.7079
vn -0.9141 0.2502 0.3191
vn 0.7180 -0.1773 -0.6731
vn 0.7609 0.1583 -0.6293
vn 0.7831 0.1994 -0.5890
vn 0.7675 -0.1377 -0.6261
vn 0.2096 0.9674 0.1421
vn 0.4893 0.8559 -0.1674
vn -0.1636 0.8306 0.5324
vn -0.3936 0.5358 0.7470
vn 0.3566 -0.7563 -0.5485
vn 0.0778 -0.9612 -0.2645
vn -0.3906 -0.8375 0.3821
vn -0.5354 -0.3124 0.7847
vn 0.7228 -0.0807 -0.6863
vn -0.5101 0.1304 0.8502
vn 0.7583 0.2256 -0.6116
vn 0.3140 0.9244 0.2166
vn 0.5774 0.8116 -0.0886
vn -0.0679 0.8149 0.5756
vn -0.3775 0.5182 0.7674
vn 0.2547 -0.6943 -0.6731
vn -0.0032 -0.8898 -0.4563
vn -0.5093 -0.8362 0.2036
vn -0.6669 -0.3582 0.6534
vn 0.6345 -0.0616 -0.7705
vn -0.5971 0.0522 0.8005
vn 0.7108 0.2330 -0.6636
vn 0.4276 0.8791 0.2104
vn 0.6257 0.7661 -0.1468
vn 0.0594 0.8066 0.5880
vn -0.3016 0.5164 0.8015
vn 0.0792 -0.7658 -0.6382
vn -0.1673 -0.8941 -0.4155
vn -0.6084 -0.7700 0.1924
vn -0.7135 -0.3257 0.6203
vn 0.5361 -0.1699 -0.8269
vn -0.6192 0.0419 0.7841
vn 0.6613 0.1484 -0.7353
vn 0.3275 0.9448 -0.0080
vn 0.4325 0.7213 -0.5409
vn 0.0707 0.8363 0.5437
vn -0.1540 0.5266 0.8361
vn -0.1195 -0.7656 -0.6321
vn -0.3629 -0.9017 -0.2349
vn -0.5330 -0.7317 0.4248
vn -0.5244 -0.2688 0.8080
vn 0.2997 -0.2626 -0.9172
vn -0.3927 0.1089 0.9132
vn 0.4134 0.0162 -0.9104
vn -0.0243 0.8812 0.4722
vn -0.1670 0.5269 0.8334
vn -0.5821 -0.5370 0.6106
vn -0.4367 -0.1941 0.8784
vn -0.3045 0.1690 0.9374
vn -0.3510 -0.5432 -0.7627
vn -0.1768 -0.9496 -0.2588
vn -0.1763 -0.9437 -0.2800
vn -0.3472 -0.5278 -0.7752
vn -0.1812 -0.9470 -0.2651
vn -0.3529 -0.5411 -0.7633
vn 0.0008 -0.9812 0.1929
vn -0.0041 -0.9788 0.2050
vn -0.0033 -0.9840 0.1783
vn 0.1727 -0.7857 0.5940
vn 0.1433 -0.7804 0.6086
vn 0.1762 -0.7935 0.5825
vn 0.3048 -0.4165 0.8565
vn 0.2587 -0.4358 0.8621
vn 0.3150 -0.4182 0.8520
vn 0.3722 0.0422 0.9272
vn 0.3376 -0.0175 0.9411
vn 0.3805 0.0546 0.9232
vn 0.3558 0.5051 0.7863
vn 0.3467 0.4803 0.8057
vn 0.3574 0.5147 0.7793
vn 0.2531 0.8495 0.4629
vn 0.2499 0.8485 0.4665
vn 0.2511 0.8548 0.4541
vn 0.0913 0.9952 0.0356
vn 0.0918 0.9951 0.0379
vn 0.0867 0.9959 0.0241
vn -0.1126 0.8876 -0.4467
vn -0.1083 0.8890 -0.4448
vn -0.1249 0.8729 -0.4716
vn -0.2667 0.5832 -0.7673
vn -0.2628 0.5824 -0.7692
vn -0.2688 0.5798 -0.7692
vn -0.3781 -0.0319 -0.9252
vn -0.3733 -0.0357 -0.9270
vn -0.3781 -0.0103 -0.9257
vn -0.2501 -0.4770 -0.8426
vn -0.2514 -0.0540 -0.9664
vn -0.3403 -0.0409 -0.9394
vn -0.3216 -0.4939 -0.8079
vn -0.1759 -0.9236 -0.3407
vn -0.1620 -0.9069 -0.3890
vn -0.0138 -0.9762 0.2166
vn -0.0101 -0.9757 0.2187
vn 0.1000 -0.7773 0.6212
vn 0.1055 -0.7794 0.6176
vn 0.1896 -0.4805 0.8562
vn 0.1806 -0.5082 0.8421
vn 0.2727 -0.1414 0.9517
vn 0.2283 -0.2143 0.9497
vn 0.3151 0.4257 0.8482
vn 0.2507 0.3957 0.8835
vn 0.2315 0.8486 0.4757
vn 0.1826 0.8539 0.4873
vn 0.0897 0.9951 0.0417
vn 0.0787 0.9960 0.0428
vn -0.0917 0.8893 -0.4479
vn -0.0555 0.8873 -0.4578
vn -0.2398 0.5799 -0.7786
vn -0.1740 0.5740 -0.8001
vn -0.0417 -0.5587 -0.8283
vn -0.0117 -0.0997 -0.9950
vn -0.1433 -0.0741 -0.9869
vn -0.1582 -0.5080 -0.8467
vn -0.1200 -0.9304 -0.3465
vn -0.0598 -0.9586 -0.2784
vn -0.0050 -0.9734 0.2290
vn -0.0291 -0.9688 0.2460
vn 0.1065 -0.7694 0.6298
vn 0.0169 -0.7516 0.6594
vn 0.1692 -0.4765 0.8628
vn 0.0436 -0.4068 0.9125
vn 0.1769 -0.1402 0.9742
vn 0.0407 0.0021 0.9992
vn 0.1599 0.4355 0.8859
vn 0.0340 0.4992 0.8658
vn 0.1183 0.8593 0.4976
vn 0.0411 0.8629 0.5038
vn 0.0636 0.9970 0.0433
vn 0.0464 0.9980 0.0434
vn -0.0125 0.8857 -0.4641
vn 0.0398 0.8834 -0.4669
vn -0.0910 0.5656 -0.8196
vn 0.0085 0.5536 -0.8327
vn 0.3111 -0.6213 -0.7192
vn 0.4046 -0.1791 -0.8968
vn 0.1756 -0.1357 -0.9751
vn 0.1194 -0.5985 -0.7922
vn 0.0058 -0.9729 -0.2310
vn 0.0694 -0.9799 -0.1868
vn -0.0769 -0.9629 0.2588
vn -0.1340 -0.9546 0.2662
vn -0.1362 -0.7289 0.6709
vn -0.3004 -0.7028 0.6449
vn -0.1666 -0.3465 0.9231
vn -0.3934 -0.3068 0.8667
vn -0.1671 0.0989 0.9810
vn -0.4029 0.1404 0.9044
vn -0.1318 0.5394 0.8317
vn -0.3316 0.5598 0.7594
vn -0.0616 0.8670 0.4945
vn -0.1886 0.8740 0.4478
vn 0.0251 0.9989 0.0385
vn 0.0032 0.9998 0.0193
vn 0.1143 0.8794 -0.4622
vn 0.2108 0.8718 -0.4421
vn 0.1531 0.5357 -0.8304
vn 0.3427 0.5105 -0.7886
vn 0.6137 -0.6477 -0.4515
vn 0.7869 -0.2418 -0.5677
vn 0.6188 -0.2187 -0.7545
vn 0.4843 -0.6370 -0.5997
vn 0.1139 -0.9840 -0.1372
vn 0.1342 -0.9864 -0.0951
vn -0.1960 -0.9475 0.2526
vn -0.2561 -0.9450 0.2032
vn -0.4490 -0.6847 0.5741
vn -0.5750 -0.6823 0.4515
vn -0.5908 -0.2832 0.7555
vn -0.7556 -0.2788 0.5927
vn -0.6080 0.1620 0.7772
vn -0.7761 0.1721 0.6067
vn -0.5048 0.5756 0.6433
vn -0.6388 0.5885 0.4955
vn -0.2912 0.8831 0.3678
vn -0.3603 0.8913 0.2753
vn 0.0014 1.0000 -0.0063
vn 0.0146 0.9998 -0.0141
vn 0.3139 0.8639 -0.3938
vn 0.4038 0.8638 -0.3014
vn 0.5381 0.4836 -0.6904
vn 0.7045 0.4712 -0.5306
vn 0.7484 -0.6477 -0.1424
vn 0.9535 -0.2514 -0.1662
vn 0.8938 -0.2461 -0.3748
vn 0.7004 -0.6456 -0.3044
vn 0.1511 -0.9861 -0.0689
vn 0.1612 -0.9861 -0.0408
vn -0.2909 -0.9481 0.1282
vn -0.3082 -0.9501 0.0480
vn -0.6582 -0.6926 0.2952
vn -0.7024 -0.7005 0.1261
vn -0.8729 -0.2894 0.3929
vn -0.9380 -0.2996 0.1744
vn -0.8990 0.1702 0.4034
vn -0.9693 0.1647 0.1825
vn -0.7341 0.5949 0.3272
vn -0.7892 0.5955 0.1503
vn -0.4042 0.8969 0.1794
vn -0.4296 0.8989 0.0860
vn 0.0280 0.9996 -0.0088
vn 0.0350 0.9994 0.0047
vn 0.4622 0.8659 -0.1913
vn 0.4943 0.8661 -0.0744
vn 0.8116 0.4719 -0.3445
vn 0.8711 0.4692 -0.1448
vn 0.7676 -0.6384 -0.0573
vn 0.9656 -0.2518 -0.0645
vn 0.1717 -0.9850 -0.0145
vn -0.3051 -0.9520 0.0259
vn -0.7100 -0.7013 0.0640
vn -0.9518 -0.2935 0.0893
vn -0.9792 0.1786 0.0963
vn -0.7854 0.6133 0.0837
vn -0.4160 0.9077 0.0557
vn 0.0510 0.9985 0.0198
vn 0.5031 0.8641 -0.0154
vn 0.8821 0.4687 -0.0474
vn 0.7528 -0.6279 0.1974
vn 0.9556 -0.2263 0.1888
vn 0.1996 -0.9545 0.2214
vn -0.2839 -0.9262 0.2481
vn -0.7032 -0.6578 0.2698
vn -0.9203 -0.2716 0.2814
vn -0.9408 0.2215 0.2567
vn -0.7270 0.6513 0.2174
vn -0.3840 0.9064 0.1759
vn 0.0794 0.9870 0.1397
vn 0.4834 0.8659 0.1290
vn 0.8356 0.5243 0.1637
vn 0.2272 -0.8481 0.4787
vn 0.5967 -0.5417 0.5921
vn -0.2419 -0.7551 0.6093
vn -0.5885 -0.5140 0.6241
vn -0.7349 -0.1927 0.6502
vn -0.7885 0.2459 0.5637
vn -0.6309 0.6358 0.4446
vn -0.3392 0.8837 0.3224
vn 0.1133 0.9682 0.2229
vn 0.4742 0.8645 0.1667
vn 0.7416 0.6191 0.2584
vn 0.8080 -0.0432 0.5876
vn -0.1060 -0.7204 0.6854
vn 0.3104 -0.8191 0.4824
vn -0.4150 -0.5902 0.6924
vn -0.5756 -0.2187 0.7879
vn -0.4785 -0.3544 0.8034
vn -0.4868 -0.0110 0.8734
vn -0.4092 0.5319 0.7414
vn -0.4240 0.2322 0.8754
vn -0.1606 0.9865 -0.0306
vn -0.3826 0.8790 0.2845
vn 0.2039 0.9291 -0.3085
vn 0.4364 0.8253 -0.3584
vn -0.2261 0.8657 0.4466
vn -0.4312 -0.6102 0.6646
vn 0.3275 -0.8852 0.3304
vn -0.2240 -0.5575 -0.7994
vn -0.0798 -0.3488 -0.9338
vn -0.0594 -0.8492 -0.5248
vn 0.3153 -0.4640 -0.8278
vn -0.2354 -0.9615 -0.1415
vn 0.0779 -0.8878 0.4535
vn -0.0000 -0.9992 -0.0394
vn 0.3426 -0.9345 -0.0962
vn 0.6374 -0.7321 -0.2403
vn -0.6338 0.3638 -0.6826
vn -0.6324 0.4334 -0.6421
vn -0.2417 0.3532 -0.9038
vn -0.2501 0.2511 -0.9351
vn 0.2024 0.1935 -0.9600
vn 0.1683 0.0948 -0.9812
vn 0.6009 -0.0090 -0.7993
vn 0.5679 -0.0759 -0.8196
vn 0.8645 -0.2096 -0.4569
vn 0.8475 -0.2319 -0.4774
vn 0.9313 -0.3642 -0.0090
vn 0.9367 -0.3493 -0.0235
vn 0.7832 -0.4376 0.4417
vn 0.7992 -0.4087 0.4408
vn 0.4535 -0.4123 0.7901
vn 0.4587 -0.3886 0.7991
vn 0.0197 -0.2929 0.9559
vn 0.0094 -0.2732 0.9619
vn -0.4179 -0.1055 0.9024
vn -0.4338 -0.0786 0.8976
vn -0.7596 0.1075 0.6415
vn -0.7722 0.1388 0.6200
vn -0.9268 0.2956 0.2317
vn -0.9323 0.3074 0.1907
vn -0.8804 0.4134 -0.2323
vn -0.8808 0.3847 -0.2760
vn 0.1405 0.9901 -0.0000
vn -0.3357 0.9420 -0.0000
vn 0.5845 0.8114 -0.0000
vn 0.8946 0.4468 -0.0000
vn 0.9998 -0.0201 -0.0000
vn 0.8759 -0.4825 -0.0000
vn 0.5514 -0.8343 -0.0000
vn 0.1005 -0.9949 -0.0000
vn -0.3734 -0.9277 -0.0000
vn -0.7617 -0.6479 -0.0000
vn -0.9756 -0.2197 -0.0000
vn -0.9659 0.2588 -0.0000
vn -0.7350 0.6781 -0.0000
vn 0.1406 0.9900 0.0071
vn -0.3351 0.9422 0.0059
vn 0.5842 0.8116 0.0067
vn 0.8943 0.4475 0.0047
vn 0.9998 -0.0191 0.0017
vn 0.8764 -0.4815 -0.0017
vn 0.5520 -0.8338 -0.0047
vn 0.1009 -0.9949 -0.0067
vn -0.3735 -0.9276 -0.0071
vn -0.7621 -0.6474 -0.0059
vn -0.9758 -0.2188 -0.0033
vn -0.9656 0.2599 0.0000
vn -0.7343 0.6788 0.0033
vn 0.1356 0.9776 0.1609
vn -0.3231 0.9391 0.1171
vn 0.5626 0.8090 0.1705
vn 0.8724 0.4670 0.1444
vn 0.9960 0.0172 0.0882
vn 0.8957 -0.4444 0.0152
vn 0.5852 -0.8089 -0.0563
vn 0.1300 -0.9853 -0.1109
vn -0.3646 -0.9206 -0.1397
vn -0.7680 -0.6261 -0.1348
vn -0.9781 -0.1853 -0.0953
vn -0.9563 0.2910 -0.0292
vn -0.7175 0.6949 0.0482
vn 0.0432 0.8879 0.4579
vn -0.4000 0.8470 0.3501
vn 0.4702 0.7434 0.4757
vn 0.8002 0.4467 0.4002
vn 0.9696 0.0561 0.2382
vn 0.9373 -0.3485 0.0059
vn 0.6936 -0.6689 -0.2673
vn 0.2759 -0.8079 -0.5208
vn -0.2184 -0.7393 -0.6370
vn -0.6616 -0.5171 -0.5430
vn -0.9337 -0.1653 -0.3177
vn -0.9656 0.2516 -0.0654
vn -0.7666 0.6200 0.1672
vn -0.0918 0.6054 0.7906
vn -0.4939 0.6316 0.5976
vn 0.3263 0.4556 0.8282
vn 0.6824 0.2112 0.6998
vn 0.9033 -0.0796 0.4215
vn 0.9350 -0.3519 0.0444
vn 0.7653 -0.5414 -0.3480
vn 0.4280 -0.6109 -0.6661
vn -0.0441 -0.5486 -0.8349
vn -0.5615 -0.3247 -0.7611
vn -0.8798 -0.0036 -0.4753
vn -0.9483 0.3012 -0.0998
vn -0.8025 0.5256 0.2822
vn -0.2425 0.2469 0.9382
vn -0.5941 0.3942 0.7012
vn 0.1584 0.0514 0.9860
vn 0.5282 -0.1634 0.8333
vn 0.7873 -0.3571 0.5027
vn 0.8756 -0.4794 0.0593
vn 0.7824 -0.4758 -0.4019
vn 0.5410 -0.2919 -0.7888
vn 0.1678 0.0460 -0.9847
vn -0.2870 0.3140 -0.9050
vn -0.6735 0.4397 -0.5941
vn -0.8601 0.4880 -0.1486
vn -0.8211 0.4755 0.3156
vn -0.3916 -0.0359 0.9194
vn -0.7214 0.1872 0.6667
vn 0.0227 -0.2503 0.9679
vn 0.4309 -0.4139 0.8019
vn 0.7449 -0.4896 0.4532
vn 0.8925 -0.4511 -0.0053
vn 0.8339 -0.2932 -0.4677
vn 0.5767 -0.0490 -0.8155
vn 0.1843 0.2065 -0.9609
vn -0.2458 0.4003 -0.8828
vn -0.6182 0.4970 -0.6090
vn -0.8513 0.4861 -0.1972
vn -0.8890 0.3744 0.2636
vn -0.4124 -0.1015 0.9053
vn -0.7554 0.1089 0.6462
vn 0.0251 -0.2886 0.9571
vn 0.4569 -0.4095 0.7896
vn 0.7840 -0.4367 0.4413
vn 0.9314 -0.3638 -0.0082
vn 0.8655 -0.2076 -0.4558
vn 0.6014 -0.0038 -0.7990
vn 0.1994 0.2009 -0.9591
vn -0.2482 0.3595 -0.8995
vn -0.6390 0.4358 -0.6339
vn -0.8834 0.4122 -0.2230
vn -0.9254 0.2942 0.2389
vn 0.4569 -0.4096 0.7896
vn 0.7839 -0.4367 0.4413
vn -0.9254 0.2943 0.2389
vn -0.9254 0.2943 0.2390
vn -0.2746 0.1062 -0.9557
vn -0.6602 0.2561 -0.7061
vn 0.0998 -0.0282 -0.9946
vn 0.5342 -0.1665 -0.8288
vn 0.8368 -0.2774 -0.4720
vn 0.9427 -0.3317 -0.0351
vn 0.8285 -0.3423 0.4433
vn 0.4796 -0.3255 0.8149
vn 0.0291 -0.2518 0.9673
vn -0.4011 -0.0799 0.9125
vn -0.7541 0.1515 0.6390
vn -0.9353 0.3060 0.1778
vn -0.8990 0.3284 -0.2896
vn -0.3404 -0.0937 -0.9356
vn -0.7002 0.1156 -0.7045
vn 0.0147 -0.2022 -0.9792
vn 0.4730 -0.2751 -0.8370
vn 0.5787 -0.7779 -0.2450
vn 0.9353 -0.3505 -0.0498
vn 0.9918 0.0328 0.1235
vn 0.7182 0.6735 0.1750
vn 0.4296 0.8891 0.1578
vn 0.1167 0.9823 0.1468
vn -0.6033 0.7862 0.1340
vn -0.9298 0.3677 0.0176
vn -0.9814 -0.1129 -0.1552
vn 0.9774 -0.2112 -0.0010
vn 0.5405 -0.8413 -0.0080
vn 0.9391 0.3437 0.0008
vn 0.6091 0.7931 -0.0000
vn 0.4159 0.9094 -0.0000
vn 0.2128 0.9771 -0.0000
vn -0.3058 0.9521 -0.0009
vn -0.8322 0.5544 -0.0080
vn -0.9897 -0.1433 -0.0073
vn 0.9713 -0.2341 0.0419
vn 0.9502 -0.0844 0.2999
vn 0.5892 -0.7848 0.1920
vn 0.5188 -0.8546 0.0228
vn 0.9142 0.3946 0.0924
vn 0.6850 0.7006 0.2001
vn 0.7314 0.3111 0.6068
vn 0.4264 0.8738 0.2339
vn 0.3733 0.5929 0.7135
vn 0.1617 0.9640 0.2108
vn 0.0126 0.7474 0.6643
vn -0.2441 0.9637 0.1083
vn -0.4049 0.7705 0.4923
vn -0.8248 0.5652 0.0161
vn -0.8125 0.5592 0.1648
vn -0.9924 -0.1221 -0.0137
vn -0.9907 -0.1061 0.0857
vn 0.1674 -0.7660 0.6206
vn -0.2317 -0.6782 0.6974
vn -0.4555 -0.5712 0.6829
vn -0.7178 -0.3364 0.6096
vn -0.4795 -0.8647 -0.1497
vn -0.6894 -0.7199 -0.0808
vn -0.3734 -0.9155 -0.1496
vn -0.2004 -0.9748 -0.0984
vn -0.4622 -0.8867 0.0075
vn -0.4454 -0.8809 0.1602
vn -0.6178 -0.7778 0.1155
vn -0.6688 -0.7434 -0.0059
vn -0.3908 -0.9204 0.0112
vn -0.3973 -0.9039 0.1588
vn -0.1592 -0.9871 0.0159
vn -0.1839 -0.9747 0.1273
vn -0.7004 -0.7137 -0.0042
vn -0.4640 -0.8858 -0.0029
vn -0.3904 -0.9206 -0.0036
vn -0.1673 -0.9859 -0.0022
vn 0.8830 -0.0000 -0.4693
vn 0.5879 -0.7460 -0.3128
vn 0.5827 0.7513 -0.3097
vn 0.0000 -1.0000 -0.0000
vn -0.2069 -0.9722 -0.1101
vn -0.8830 0.0000 -0.4693
vn -0.5827 0.7513 -0.3097
vn -0.5879 -0.7460 -0.3128
vn 0.0000 1.0000 -0.0000
vn -0.3807 -0.7846 -0.4894
vn 0.0000 -0.7142 -0.7000
vn 0.0000 -0.0162 -0.9999
vn 0.0000 -0.3214 -0.9469
vn 0.0000 -0.9758 -0.2189
vn -0.6534 0.3012 -0.6945
vn 0.0000 0.7290 -0.6846
vn 0.6534 0.3012 -0.6945
vn 0.0000 0.9784 -0.2065
vn 0.0000 0.3219 -0.9468
vn 0.6521 -0.3002 -0.6962
# 1740 vertex normals

vt 0.6999 0.7579 0.0000
vt 0.7055 0.7579 0.0000
vt 0.7055 0.7663 0.0000
vt 0.6999 0.7663 0.0000
vt 0.7120 0.7579 0.0000
vt 0.7120 0.7663 0.0000
vt 0.7192 0.7579 0.0000
vt 0.7192 0.7663 0.0000
vt 0.7240 0.7579 0.0000
vt 0.7240 0.7663 0.0000
vt 0.7298 0.7579 0.0000
vt 0.7298 0.7663 0.0000
vt 0.7357 0.7579 0.0000
vt 0.7357 0.7663 0.0000
vt 0.7416 0.7579 0.0000
vt 0.7416 0.7663 0.0000
vt 0.7475 0.7579 0.0000
vt 0.7475 0.7663 0.0000
vt 0.6651 0.7579 0.0000
vt 0.6721 0.7579 0.0000
vt 0.6721 0.7663 0.0000
vt 0.6651 0.7663 0.0000
vt 0.6789 0.7579 0.0000
vt 0.6789 0.7663 0.0000
vt 0.6863 0.7579 0.0000
vt 0.6863 0.7663 0.0000
vt 0.6935 0.7579 0.0000
vt 0.6935 0.7663 0.0000
vt 0.6721 0.9462 0.0000
vt 0.6789 0.9462 0.0000
vt 0.6789 0.9601 0.0000
vt 0.6721 0.9601 0.0000
vt 0.6651 0.9462 0.0000
vt 0.6651 0.9601 0.0000
vt 0.7416 0.9462 0.0000
vt 0.7475 0.9462 0.0000
vt 0.7475 0.9601 0.0000
vt 0.7416 0.9601 0.0000
vt 0.7357 0.9462 0.0000
vt 0.7357 0.9601 0.0000
vt 0.7298 0.9462 0.0000
vt 0.7298 0.9601 0.0000
vt 0.7240 0.9462 0.0000
vt 0.7240 0.9601 0.0000
vt 0.7192 0.9462 0.0000
vt 0.7192 0.9601 0.0000
vt 0.7120 0.9462 0.0000
vt 0.7120 0.9601 0.0000
vt 0.7055 0.9462 0.0000
vt 0.7055 0.9601 0.0000
vt 0.6999 0.9462 0.0000
vt 0.6999 0.9601 0.0000
vt 0.6935 0.9462 0.0000
vt 0.6935 0.9601 0.0000
vt 0.6863 0.9462 0.0000
vt 0.6863 0.9601 0.0000
vt 0.6721 0.9324 0.0000
vt 0.6789 0.9324 0.0000
vt 0.6651 0.9324 0.0000
vt 0.7416 0.9324 0.0000
vt 0.7475 0.9324 0.0000
vt 0.7357 0.9324 0.0000
vt 0.7298 0.9324 0.0000
vt 0.7240 0.9324 0.0000
vt 0.7192 0.9324 0.0000
vt 0.7120 0.9324 0.0000
vt 0.7055 0.9324 0.0000
vt 0.6999 0.9324 0.0000
vt 0.6935 0.9324 0.0000
vt 0.6863 0.9324 0.0000
vt 0.6721 0.9185 0.0000
vt 0.6789 0.9185 0.0000
vt 0.6651 0.9185 0.0000
vt 0.7416 0.9185 0.0000
vt 0.7475 0.9185 0.0000
vt 0.7357 0.9185 0.0000
vt 0.7298 0.9185 0.0000
vt 0.7240 0.9185 0.0000
vt 0.7192 0.9185 0.0000
vt 0.7120 0.9185 0.0000
vt 0.7055 0.9185 0.0000
vt 0.6999 0.9185 0.0000
vt 0.6935 0.9185 0.0000
vt 0.6863 0.9185 0.0000
vt 0.6721 0.9046 0.0000
vt 0.6789 0.9046 0.0000
vt 0.6651 0.9046 0.0000
vt 0.7416 0.9046 0.0000
vt 0.7475 0.9046 0.0000
vt 0.7357 0.9046 0.0000
vt 0.7298 0.9046 0.0000
vt 0.7240 0.9046 0.0000
vt 0.7192 0.9046 0.0000
vt 0.7120 0.9046 0.0000
vt 0.7055 0.9046 0.0000
vt 0.6999 0.9046 0.0000
vt 0.6935 0.9046 0.0000
vt 0.6863 0.9046 0.0000
vt 0.6721 0.8908 0.0000
vt 0.6789 0.8908 0.0000
vt 0.6651 0.8908 0.0000
vt 0.7416 0.8908 0.0000
vt 0.7475 0.8908 0.0000
vt 0.7357 0.8908 0.0000
vt 0.7298 0.8908 0.0000
vt 0.7240 0.8908 0.0000
vt 0.7192 0.8908 0.0000
vt 0.7120 0.8908 0.0000
vt 0.7055 0.8908 0.0000
vt 0.6999 0.8908 0.0000
vt 0.6935 0.8908 0.0000
vt 0.6863 0.8908 0.0000
vt 0.6721 0.8762 0.0000
vt 0.6789 0.8762 0.0000
vt 0.6651 0.8762 0.0000
vt 0.7416 0.8762 0.0000
vt 0.7475 0.8762 0.0000
vt 0.7357 0.8762 0.0000
vt 0.7298 0.8762 0.0000
vt 0.7240 0.8762 0.0000
vt 0.7192 0.8762 0.0000
vt 0.7120 0.8762 0.0000
vt 0.7055 0.8762 0.0000
vt 0.6999 0.8762 0.0000
vt 0.6935 0.8762 0.0000
vt 0.6863 0.8762 0.0000
vt 0.6721 0.8624 0.0000
vt 0.6789 0.8624 0.0000
vt 0.6651 0.8624 0.0000
vt 0.7416 0.8624 0.0000
vt 0.7475 0.8624 0.0000
vt 0.7357 0.8624 0.0000
vt 0.7298 0.8624 0.0000
vt 0.7240 0.8624 0.0000
vt 0.7192 0.8624 0.0000
vt 0.7120 0.8624 0.0000
vt 0.7055 0.8624 0.0000
vt 0.6999 0.8624 0.0000
vt 0.6935 0.8624 0.0000
vt 0.6863 0.8624 0.0000
vt 0.6721 0.8542 0.0000
vt 0.6789 0.8542 0.0000
vt 0.6651 0.8542 0.0000
vt 0.7416 0.8542 0.0000
vt 0.7475 0.8542 0.0000
vt 0.7357 0.8542 0.0000
vt 0.7298 0.8542 0.0000
vt 0.7240 0.8542 0.0000
vt 0.7192 0.8542 0.0000
vt 0.7120 0.8542 0.0000
vt 0.7055 0.8542 0.0000
vt 0.6999 0.8542 0.0000
vt 0.6935 0.8542 0.0000
vt 0.6863 0.8542 0.0000
vt 0.6721 0.8446 0.0000
vt 0.6789 0.8446 0.0000
vt 0.6651 0.8446 0.0000
vt 0.7416 0.8446 0.0000
vt 0.7475 0.8446 0.0000
vt 0.7357 0.8446 0.0000
vt 0.7298 0.8446 0.0000
vt 0.7240 0.8446 0.0000
vt 0.7192 0.8446 0.0000
vt 0.7120 0.8446 0.0000
vt 0.7055 0.8446 0.0000
vt 0.6999 0.8446 0.0000
vt 0.6935 0.8446 0.0000
vt 0.6863 0.8446 0.0000
vt 0.6721 0.8333 0.0000
vt 0.6789 0.8333 0.0000
vt 0.6651 0.8333 0.0000
vt 0.7416 0.8333 0.0000
vt 0.7475 0.8333 0.0000
vt 0.7357 0.8333 0.0000
vt 0.7298 0.8333 0.0000
vt 0.7240 0.8333 0.0000
vt 0.7192 0.8333 0.0000
vt 0.7120 0.8333 0.0000
vt 0.7055 0.8333 0.0000
vt 0.6999 0.8333 0.0000
vt 0.6935 0.8333 0.0000
vt 0.6863 0.8333 0.0000
vt 0.6721 0.8219 0.0000
vt 0.6789 0.8219 0.0000
vt 0.6651 0.8219 0.0000
vt 0.7416 0.8219 0.0000
vt 0.7475 0.8219 0.0000
vt 0.7357 0.8219 0.0000
vt 0.7298 0.8219 0.0000
vt 0.7240 0.8219 0.0000
vt 0.7192 0.8219 0.0000
vt 0.7120 0.8219 0.0000
vt 0.7055 0.8219 0.0000
vt 0.6999 0.8219 0.0000
vt 0.6935 0.8219 0.0000
vt 0.6863 0.8219 0.0000
vt 0.6721 0.8078 0.0000
vt 0.6789 0.8078 0.0000
vt 0.6651 0.8078 0.0000
vt 0.7416 0.8078 0.0000
vt 0.7475 0.8078 0.0000
vt 0.7357 0.8078 0.0000
vt 0.7298 0.8078 0.0000
vt 0.7240 0.8078 0.0000
vt 0.7192 0.8078 0.0000
vt 0.7120 0.8078 0.0000
vt 0.7055 0.8078 0.0000
vt 0.6999 0.8078 0.0000
vt 0.6935 0.8078 0.0000
vt 0.6863 0.8078 0.0000
vt 0.6721 0.7939 0.0000
vt 0.6789 0.7939 0.0000
vt 0.6651 0.7939 0.0000
vt 0.7416 0.7939 0.0000
vt 0.7475 0.7939 0.0000
vt 0.7357 0.7939 0.0000
vt 0.7298 0.7939 0.0000
vt 0.7240 0.7939 0.0000
vt 0.7192 0.7939 0.0000
vt 0.7120 0.7939 0.0000
vt 0.7055 0.7939 0.0000
vt 0.6999 0.7939 0.0000
vt 0.6935 0.7939 0.0000
vt 0.6863 0.7939 0.0000
vt 0.6721 0.7801 0.0000
vt 0.6789 0.7801 0.0000
vt 0.6651 0.7801 0.0000
vt 0.7416 0.7801 0.0000
vt 0.7475 0.7801 0.0000
vt 0.7357 0.7801 0.0000
vt 0.7298 0.7801 0.0000
vt 0.7240 0.7801 0.0000
vt 0.7192 0.7801 0.0000
vt 0.7120 0.7801 0.0000
vt 0.7055 0.7801 0.0000
vt 0.6999 0.7801 0.0000
vt 0.6935 0.7801 0.0000
vt 0.6863 0.7801 0.0000
vt 0.6999 0.7500 0.0000
vt 0.7055 0.7500 0.0000
vt 0.7120 0.7500 0.0000
vt 0.7192 0.7500 0.0000
vt 0.7240 0.7500 0.0000
vt 0.7298 0.7500 0.0000
vt 0.7357 0.7500 0.0000
vt 0.7416 0.7500 0.0000
vt 0.7475 0.7500 0.0000
vt 0.6651 0.7500 0.0000
vt 0.6721 0.7500 0.0000
vt 0.6789 0.7500 0.0000
vt 0.6863 0.7500 0.0000
vt 0.6935 0.7500 0.0000
vt 0.6999 0.7369 0.0000
vt 0.7055 0.7369 0.0000
vt 0.7120 0.7369 0.0000
vt 0.7193 0.7369 0.0000
vt 0.7240 0.7369 0.0000
vt 0.7298 0.7369 0.0000
vt 0.7357 0.7369 0.0000
vt 0.7416 0.7369 0.0000
vt 0.7475 0.7369 0.0000
vt 0.6651 0.7369 0.0000
vt 0.6721 0.7369 0.0000
vt 0.6789 0.7369 0.0000
vt 0.6863 0.7369 0.0000
vt 0.6935 0.7369 0.0000
vt 0.7288 0.7304 0.0000
vt 0.7239 0.7304 0.0000
vt 0.7239 0.7201 0.0000
vt 0.7288 0.7201 0.0000
vt 0.7363 0.7304 0.0000
vt 0.7363 0.7201 0.0000
vt 0.7421 0.7304 0.0000
vt 0.7421 0.7201 0.0000
vt 0.7482 0.7304 0.0000
vt 0.7482 0.7201 0.0000
vt 0.6743 0.7304 0.0000
vt 0.6656 0.7304 0.0000
vt 0.6656 0.7201 0.0000
vt 0.6743 0.7201 0.0000
vt 0.6816 0.7304 0.0000
vt 0.6816 0.7201 0.0000
vt 0.6878 0.7304 0.0000
vt 0.6878 0.7201 0.0000
vt 0.6954 0.7304 0.0000
vt 0.6954 0.7201 0.0000
vt 0.7288 0.7104 0.0000
vt 0.7239 0.7104 0.0000
vt 0.7239 0.6996 0.0000
vt 0.7288 0.6996 0.0000
vt 0.7363 0.7104 0.0000
vt 0.7363 0.7012 0.0000
vt 0.7421 0.7104 0.0000
vt 0.7421 0.7012 0.0000
vt 0.7482 0.7104 0.0000
vt 0.7482 0.7012 0.0000
vt 0.6743 0.7104 0.0000
vt 0.6656 0.7104 0.0000
vt 0.6656 0.6996 0.0000
vt 0.6743 0.6996 0.0000
vt 0.6816 0.7104 0.0000
vt 0.6816 0.6996 0.0000
vt 0.6878 0.7104 0.0000
vt 0.6878 0.6996 0.0000
vt 0.6954 0.7104 0.0000
vt 0.6954 0.6996 0.0000
vt 0.7242 0.6884 0.0000
vt 0.7288 0.6970 0.0000
vt 0.7193 0.6911 0.0000
vt 0.7120 0.6867 0.0000
vt 0.7193 0.6867 0.0000
vt 0.7120 0.6911 0.0000
vt 0.7055 0.6867 0.0000
vt 0.7055 0.6910 0.0000
vt 0.6999 0.6867 0.0000
vt 0.6999 0.6910 0.0000
vt 0.6816 0.6932 0.0000
vt 0.6878 0.6932 0.0000
vt 0.6999 0.7304 0.0000
vt 0.7055 0.7304 0.0000
vt 0.7120 0.7304 0.0000
vt 0.7193 0.7304 0.0000
vt 0.7055 0.7104 0.0000
vt 0.6999 0.7104 0.0000
vt 0.6999 0.6996 0.0000
vt 0.7055 0.6996 0.0000
vt 0.7120 0.7104 0.0000
vt 0.7120 0.6996 0.0000
vt 0.7193 0.7104 0.0000
vt 0.7193 0.6996 0.0000
vt 0.6878 0.6865 0.0000
vt 0.6999 0.7201 0.0000
vt 0.7055 0.7201 0.0000
vt 0.7120 0.7201 0.0000
vt 0.7193 0.7201 0.0000
vt 0.2886 0.0790 0.0000
vt 0.2831 0.0790 0.0000
vt 0.8271 0.0774 0.0000
vt 0.8216 0.0774 0.0000
vt 0.4394 0.6602 0.0000
vt 0.4374 0.6595 0.0000
vt 0.4401 0.6537 0.0000
vt 0.4423 0.6547 0.0000
vt 0.4355 0.6586 0.0000
vt 0.4380 0.6528 0.0000
vt 0.4334 0.6578 0.0000
vt 0.4358 0.6519 0.0000
vt 0.4382 0.6668 0.0000
vt 0.4383 0.6644 0.0000
vt 0.5282 0.7078 0.0000
vt 0.5256 0.7092 0.0000
vt 0.4386 0.6622 0.0000
vt 0.5309 0.7063 0.0000
vt 0.5309 0.7043 0.0000
vt 0.4316 0.6650 0.0000
vt 0.4337 0.6652 0.0000
vt 0.4339 0.7535 0.0000
vt 0.4318 0.7536 0.0000
vt 0.4359 0.6658 0.0000
vt 0.4361 0.7528 0.0000
vt 0.4384 0.7518 0.0000
vt 0.5282 0.7106 0.0000
vt 0.4384 0.7542 0.0000
vt 0.5309 0.7121 0.0000
vt 0.4388 0.7565 0.0000
vt 0.5309 0.7141 0.0000
vt 0.4396 0.7584 0.0000
vt 0.4336 0.7608 0.0000
vt 0.4356 0.7600 0.0000
vt 0.4381 0.7658 0.0000
vt 0.4360 0.7668 0.0000
vt 0.4376 0.7592 0.0000
vt 0.4403 0.7649 0.0000
vt 0.4425 0.7639 0.0000
vt 0.5309 0.7205 0.0000
vt 0.5309 0.6979 0.0000
vt 0.4253 0.6653 0.0000
vt 0.4255 0.7534 0.0000
vt 0.4328 0.6599 0.0000
vt 0.4347 0.6602 0.0000
vt 0.4369 0.6613 0.0000
vt 0.4364 0.6636 0.0000
vt 0.4359 0.6656 0.0000
vt 0.4339 0.6645 0.0000
vt 0.4344 0.6626 0.0000
vt 0.4348 0.6620 0.0000
vt 0.5309 0.7092 0.0000
vt 0.4370 0.7574 0.0000
vt 0.4349 0.7583 0.0000
vt 0.4330 0.7588 0.0000
vt 0.4346 0.7561 0.0000
vt 0.4340 0.7542 0.0000
vt 0.4361 0.7531 0.0000
vt 0.4366 0.7551 0.0000
vt 0.4350 0.7567 0.0000
vt 0.6282 0.6575 0.0000
vt 0.6261 0.6583 0.0000
vt 0.6236 0.6525 0.0000
vt 0.6258 0.6516 0.0000
vt 0.6242 0.6592 0.0000
vt 0.6215 0.6535 0.0000
vt 0.6222 0.6599 0.0000
vt 0.6193 0.6544 0.0000
vt 0.6234 0.6665 0.0000
vt 0.6257 0.6655 0.0000
vt 0.6258 0.7525 0.0000
vt 0.6235 0.7515 0.0000
vt 0.6279 0.6649 0.0000
vt 0.6280 0.7532 0.0000
vt 0.6300 0.6647 0.0000
vt 0.6301 0.7533 0.0000
vt 0.6230 0.6619 0.0000
vt 0.6233 0.6641 0.0000
vt 0.5336 0.7078 0.0000
vt 0.5361 0.7092 0.0000
vt 0.6231 0.7562 0.0000
vt 0.6224 0.7581 0.0000
vt 0.5336 0.7106 0.0000
vt 0.6235 0.7539 0.0000
vt 0.6243 0.7589 0.0000
vt 0.6216 0.7646 0.0000
vt 0.6195 0.7636 0.0000
vt 0.6263 0.7597 0.0000
vt 0.6238 0.7655 0.0000
vt 0.6283 0.7606 0.0000
vt 0.6259 0.7665 0.0000
vt 0.6363 0.6649 0.0000
vt 0.6364 0.7531 0.0000
vt 0.6247 0.6609 0.0000
vt 0.6269 0.6600 0.0000
vt 0.6288 0.6596 0.0000
vt 0.6272 0.6623 0.0000
vt 0.6277 0.6641 0.0000
vt 0.6257 0.6653 0.0000
vt 0.6252 0.6633 0.0000
vt 0.6268 0.6616 0.0000
vt 0.6289 0.7585 0.0000
vt 0.6270 0.7581 0.0000
vt 0.6249 0.7571 0.0000
vt 0.6253 0.7547 0.0000
vt 0.6258 0.7528 0.0000
vt 0.6279 0.7539 0.0000
vt 0.6273 0.7557 0.0000
vt 0.6269 0.7564 0.0000
vt 0.2121 0.7474 0.0000
vt 0.2121 0.7115 0.0000
vt 0.2503 0.7117 0.0000
vt 0.2502 0.7476 0.0000
vt 0.1817 0.7473 0.0000
vt 0.1818 0.7114 0.0000
vt 0.1562 0.7471 0.0000
vt 0.1563 0.7114 0.0000
vt 0.1081 0.7553 0.0000
vt 0.1186 0.7553 0.0000
vt 0.1186 0.7611 0.0000
vt 0.1081 0.7610 0.0000
vt 0.2504 0.6970 0.0000
vt 0.2122 0.6968 0.0000
vt 0.1819 0.6967 0.0000
vt 0.1563 0.6966 0.0000
vt 0.1422 0.7113 0.0000
vt 0.1422 0.6966 0.0000
vt 0.2123 0.6775 0.0000
vt 0.2504 0.6777 0.0000
vt 0.2505 0.6658 0.0000
vt 0.2123 0.6657 0.0000
vt 0.2629 0.6659 0.0000
vt 0.2629 0.6777 0.0000
vt 0.1819 0.6774 0.0000
vt 0.1942 0.6657 0.0000
vt 0.1820 0.6656 0.0000
vt 0.1564 0.6774 0.0000
vt 0.1564 0.6655 0.0000
vt 0.1423 0.6773 0.0000
vt 0.1423 0.6655 0.0000
vt 0.5762 0.9684 0.0000
vt 0.5677 0.9684 0.0000
vt 0.5677 0.9602 0.0000
vt 0.5762 0.9602 0.0000
vt 0.5677 0.9706 0.0000
vt 0.5762 0.9706 0.0000
vt 0.5861 0.9684 0.0000
vt 0.5861 0.9602 0.0000
vt 0.5861 0.9706 0.0000
vt 0.5861 0.9754 0.0000
vt 0.5991 0.9754 0.0000
vt 0.5991 0.9811 0.0000
vt 0.5861 0.9811 0.0000
vt 0.5964 0.9831 0.0000
vt 0.5991 0.9706 0.0000
vt 0.5514 0.9684 0.0000
vt 0.5514 0.9706 0.0000
vt 0.5434 0.9706 0.0000
vt 0.5434 0.9684 0.0000
vt 0.5603 0.9684 0.0000
vt 0.5603 0.9706 0.0000
vt 0.5358 0.9706 0.0000
vt 0.5358 0.9684 0.0000
vt 0.5991 0.9684 0.0000
vt 0.5603 0.9602 0.0000
vt 0.5603 0.9471 0.0000
vt 0.5677 0.9471 0.0000
vt 0.5762 0.9471 0.0000
vt 0.5861 0.9471 0.0000
vt 0.5434 0.9602 0.0000
vt 0.5514 0.9602 0.0000
vt 0.5358 0.9602 0.0000
vt 0.5991 0.9602 0.0000
vt 0.5603 0.9325 0.0000
vt 0.5677 0.9325 0.0000
vt 0.5762 0.9325 0.0000
vt 0.5861 0.9325 0.0000
vt 0.5434 0.9471 0.0000
vt 0.5514 0.9471 0.0000
vt 0.5358 0.9471 0.0000
vt 0.5991 0.9471 0.0000
vt 0.5603 0.9174 0.0000
vt 0.5677 0.9174 0.0000
vt 0.5762 0.9174 0.0000
vt 0.5861 0.9174 0.0000
vt 0.5434 0.9325 0.0000
vt 0.5514 0.9325 0.0000
vt 0.5358 0.9325 0.0000
vt 0.5991 0.9325 0.0000
vt 0.5603 0.9021 0.0000
vt 0.5677 0.9021 0.0000
vt 0.5762 0.9021 0.0000
vt 0.5861 0.9021 0.0000
vt 0.5434 0.9174 0.0000
vt 0.5514 0.9174 0.0000
vt 0.5358 0.9174 0.0000
vt 0.5991 0.9174 0.0000
vt 0.5603 0.8901 0.0000
vt 0.5677 0.8901 0.0000
vt 0.5762 0.8901 0.0000
vt 0.5434 0.9021 0.0000
vt 0.5514 0.9021 0.0000
vt 0.5358 0.9021 0.0000
vt 0.5991 0.9021 0.0000
vt 0.5861 0.8901 0.0000
vt 0.5991 0.8901 0.0000
vt 0.4471 0.9619 0.0000
vt 0.4380 0.9619 0.0000
vt 0.4380 0.9508 0.0000
vt 0.4471 0.9508 0.0000
vt 0.4380 0.9646 0.0000
vt 0.4471 0.9646 0.0000
vt 0.4346 0.9646 0.0000
vt 0.4346 0.9619 0.0000
vt 0.4346 0.9508 0.0000
vt 0.4518 0.9619 0.0000
vt 0.4518 0.9508 0.0000
vt 0.4518 0.9646 0.0000
vt 0.4471 0.9759 0.0000
vt 0.4380 0.9759 0.0000
vt 0.4380 0.9799 0.0000
vt 0.4471 0.9799 0.0000
vt 0.4346 0.9759 0.0000
vt 0.4518 0.9759 0.0000
vt 0.4824 0.9619 0.0000
vt 0.4824 0.9646 0.0000
vt 0.4725 0.9646 0.0000
vt 0.4725 0.9619 0.0000
vt 0.4641 0.9646 0.0000
vt 0.4641 0.9619 0.0000
vt 0.4977 0.9619 0.0000
vt 0.4888 0.9619 0.0000
vt 0.4888 0.9508 0.0000
vt 0.4977 0.9508 0.0000
vt 0.4977 0.9646 0.0000
vt 0.4888 0.9646 0.0000
vt 0.4346 0.9339 0.0000
vt 0.4380 0.9339 0.0000
vt 0.4471 0.9339 0.0000
vt 0.4518 0.9339 0.0000
vt 0.4725 0.9508 0.0000
vt 0.4824 0.9508 0.0000
vt 0.4641 0.9508 0.0000
vt 0.4888 0.9339 0.0000
vt 0.4977 0.9339 0.0000
vt 0.4346 0.9176 0.0000
vt 0.4380 0.9176 0.0000
vt 0.4471 0.9176 0.0000
vt 0.4518 0.9176 0.0000
vt 0.4725 0.9339 0.0000
vt 0.4824 0.9339 0.0000
vt 0.4641 0.9339 0.0000
vt 0.4888 0.9176 0.0000
vt 0.4977 0.9176 0.0000
vt 0.4346 0.9031 0.0000
vt 0.4380 0.9031 0.0000
vt 0.4471 0.9031 0.0000
vt 0.4518 0.9031 0.0000
vt 0.4725 0.9176 0.0000
vt 0.4824 0.9176 0.0000
vt 0.4641 0.9176 0.0000
vt 0.4888 0.9031 0.0000
vt 0.4977 0.9031 0.0000
vt 0.4346 0.8885 0.0000
vt 0.4380 0.8885 0.0000
vt 0.4471 0.8885 0.0000
vt 0.4518 0.8885 0.0000
vt 0.4725 0.9031 0.0000
vt 0.4824 0.9031 0.0000
vt 0.4641 0.9031 0.0000
vt 0.4888 0.8885 0.0000
vt 0.4977 0.8885 0.0000
vt 0.4346 0.8813 0.0000
vt 0.4380 0.8813 0.0000
vt 0.4471 0.8813 0.0000
vt 0.4518 0.8813 0.0000
vt 0.4725 0.8885 0.0000
vt 0.4824 0.8885 0.0000
vt 0.4641 0.8885 0.0000
vt 0.4654 0.8832 0.0000
vt 0.4725 0.8832 0.0000
vt 0.4888 0.8832 0.0000
vt 0.4824 0.8832 0.0000
vt 0.3989 0.9735 0.0000
vt 0.3989 0.9770 0.0000
vt 0.3910 0.9770 0.0000
vt 0.3910 0.9735 0.0000
vt 0.4977 0.8832 0.0000
vt 0.4888 0.8769 0.0000
vt 0.3883 0.8956 0.0000
vt 0.3883 0.9024 0.0000
vt 0.3814 0.9024 0.0000
vt 0.3814 0.8956 0.0000
vt 0.3883 0.8933 0.0000
vt 0.3814 0.8933 0.0000
vt 0.3910 0.8933 0.0000
vt 0.3910 0.8956 0.0000
vt 0.3910 0.9024 0.0000
vt 0.3782 0.9024 0.0000
vt 0.3782 0.8956 0.0000
vt 0.3782 0.8933 0.0000
vt 0.3814 0.8813 0.0000
vt 0.3883 0.8813 0.0000
vt 0.3883 0.8771 0.0000
vt 0.3814 0.8771 0.0000
vt 0.3910 0.8771 0.0000
vt 0.3910 0.8813 0.0000
vt 0.3782 0.8813 0.0000
vt 0.3533 0.8956 0.0000
vt 0.3533 0.8933 0.0000
vt 0.3598 0.8933 0.0000
vt 0.3598 0.8956 0.0000
vt 0.3533 0.9024 0.0000
vt 0.3598 0.9024 0.0000
vt 0.3505 0.9024 0.0000
vt 0.3505 0.8956 0.0000
vt 0.3505 0.8933 0.0000
vt 0.3689 0.8933 0.0000
vt 0.3689 0.8956 0.0000
vt 0.3689 0.9024 0.0000
vt 0.3989 0.8956 0.0000
vt 0.3989 0.9024 0.0000
vt 0.3989 0.8933 0.0000
vt 0.4027 0.8933 0.0000
vt 0.4027 0.8956 0.0000
vt 0.4027 0.9024 0.0000
vt 0.3910 0.9127 0.0000
vt 0.3883 0.9127 0.0000
vt 0.3910 0.9262 0.0000
vt 0.3883 0.9262 0.0000
vt 0.3814 0.9127 0.0000
vt 0.3814 0.9262 0.0000
vt 0.3782 0.9127 0.0000
vt 0.3782 0.9262 0.0000
vt 0.3533 0.9127 0.0000
vt 0.3598 0.9127 0.0000
vt 0.3505 0.9127 0.0000
vt 0.3689 0.9127 0.0000
vt 0.4027 0.9127 0.0000
vt 0.3989 0.9127 0.0000
vt 0.4027 0.9262 0.0000
vt 0.3989 0.9262 0.0000
vt 0.3910 0.9414 0.0000
vt 0.3883 0.9414 0.0000
vt 0.3814 0.9414 0.0000
vt 0.3782 0.9414 0.0000
vt 0.3598 0.9262 0.0000
vt 0.3533 0.9262 0.0000
vt 0.3505 0.9262 0.0000
vt 0.3689 0.9262 0.0000
vt 0.4027 0.9414 0.0000
vt 0.3989 0.9414 0.0000
vt 0.3910 0.9550 0.0000
vt 0.3883 0.9550 0.0000
vt 0.3814 0.9550 0.0000
vt 0.3782 0.9550 0.0000
vt 0.3598 0.9414 0.0000
vt 0.3533 0.9414 0.0000
vt 0.3505 0.9414 0.0000
vt 0.3689 0.9414 0.0000
vt 0.4027 0.9550 0.0000
vt 0.3989 0.9550 0.0000
vt 0.3910 0.9671 0.0000
vt 0.3883 0.9671 0.0000
vt 0.3814 0.9671 0.0000
vt 0.3782 0.9671 0.0000
vt 0.3598 0.9550 0.0000
vt 0.3533 0.9550 0.0000
vt 0.3505 0.9550 0.0000
vt 0.3689 0.9550 0.0000
vt 0.4027 0.9671 0.0000
vt 0.3989 0.9671 0.0000
vt 0.3883 0.9735 0.0000
vt 0.3814 0.9735 0.0000
vt 0.3782 0.9735 0.0000
vt 0.3598 0.9671 0.0000
vt 0.3533 0.9671 0.0000
vt 0.3533 0.9735 0.0000
vt 0.3598 0.9735 0.0000
vt 0.3505 0.9735 0.0000
vt 0.3505 0.9671 0.0000
vt 0.3689 0.9671 0.0000
vt 0.3689 0.9735 0.0000
vt 0.4027 0.9735 0.0000
vt 0.3727 0.9735 0.0000
vt 0.0394 0.7607 0.0000
vt 0.0327 0.7607 0.0000
vt 0.0327 0.7549 0.0000
vt 0.0394 0.7550 0.0000
vt 0.0235 0.7549 0.0000
vt 0.0235 0.7606 0.0000
vt 0.0393 0.7675 0.0000
vt 0.0393 0.7848 0.0000
vt 0.0326 0.7848 0.0000
vt 0.0327 0.7675 0.0000
vt 0.0233 0.7848 0.0000
vt 0.0234 0.7675 0.0000
vt 0.0168 0.7548 0.0000
vt 0.0168 0.7478 0.0000
vt 0.0235 0.7478 0.0000
vt 0.0167 0.7853 0.0000
vt 0.0233 0.7909 0.0000
vt 0.0122 0.7548 0.0000
vt 0.0123 0.7477 0.0000
vt 0.0168 0.7395 0.0000
vt 0.0236 0.7395 0.0000
vt 0.0236 0.7354 0.0000
vt 0.0174 0.7365 0.0000
vt 0.0232 0.8053 0.0000
vt 0.0159 0.8053 0.0000
vt 0.0159 0.7908 0.0000
vt 0.0231 0.8140 0.0000
vt 0.0143 0.8111 0.0000
vt 0.0237 0.7229 0.0000
vt 0.0236 0.7279 0.0000
vt 0.0159 0.7278 0.0000
vt 0.0159 0.7228 0.0000
vt 0.0123 0.7394 0.0000
vt 0.0329 0.7279 0.0000
vt 0.0328 0.7354 0.0000
vt 0.0395 0.7355 0.0000
vt 0.0396 0.7280 0.0000
vt 0.0323 0.8140 0.0000
vt 0.0324 0.8053 0.0000
vt 0.0390 0.8141 0.0000
vt 0.0391 0.8054 0.0000
vt 0.0396 0.7230 0.0000
vt 0.0329 0.7229 0.0000
vt 0.0325 0.7909 0.0000
vt 0.0392 0.7910 0.0000
vt 0.0328 0.7395 0.0000
vt 0.0395 0.7396 0.0000
vt 0.0395 0.7479 0.0000
vt 0.0328 0.7478 0.0000
vt 0.0530 0.7608 0.0000
vt 0.0530 0.7550 0.0000
vt 0.0530 0.7676 0.0000
vt 0.0529 0.7849 0.0000
vt 0.0531 0.7355 0.0000
vt 0.0532 0.7280 0.0000
vt 0.0526 0.8141 0.0000
vt 0.0527 0.8054 0.0000
vt 0.0532 0.7230 0.0000
vt 0.0531 0.7396 0.0000
vt 0.0528 0.7910 0.0000
vt 0.0531 0.7479 0.0000
vt 0.0638 0.7608 0.0000
vt 0.0638 0.7551 0.0000
vt 0.0637 0.7676 0.0000
vt 0.0636 0.7850 0.0000
vt 0.0639 0.7356 0.0000
vt 0.0639 0.7281 0.0000
vt 0.0634 0.8142 0.0000
vt 0.0635 0.8055 0.0000
vt 0.0640 0.7231 0.0000
vt 0.0639 0.7397 0.0000
vt 0.0636 0.7911 0.0000
vt 0.0638 0.7480 0.0000
vt 0.0772 0.7609 0.0000
vt 0.0772 0.7551 0.0000
vt 0.0772 0.7677 0.0000
vt 0.0771 0.7850 0.0000
vt 0.0773 0.7356 0.0000
vt 0.0774 0.7281 0.0000
vt 0.0769 0.8143 0.0000
vt 0.0770 0.8056 0.0000
vt 0.0774 0.7231 0.0000
vt 0.0773 0.7397 0.0000
vt 0.0770 0.7911 0.0000
vt 0.0773 0.7481 0.0000
vt 0.0900 0.7610 0.0000
vt 0.0901 0.7552 0.0000
vt 0.0900 0.7678 0.0000
vt 0.0899 0.7851 0.0000
vt 0.0902 0.7357 0.0000
vt 0.0902 0.7282 0.0000
vt 0.0898 0.8143 0.0000
vt 0.0898 0.8056 0.0000
vt 0.0902 0.7232 0.0000
vt 0.0901 0.7398 0.0000
vt 0.0899 0.7912 0.0000
vt 0.0901 0.7481 0.0000
vt 0.1080 0.7679 0.0000
vt 0.1080 0.7852 0.0000
vt 0.1082 0.7283 0.0000
vt 0.1082 0.7358 0.0000
vt 0.1078 0.8144 0.0000
vt 0.1079 0.8057 0.0000
vt 0.1083 0.7233 0.0000
vt 0.1082 0.7399 0.0000
vt 0.1079 0.7913 0.0000
vt 0.1081 0.7482 0.0000
vt 0.5990 0.8133 0.0000
vt 0.5819 0.8134 0.0000
vt 0.5818 0.8087 0.0000
vt 0.5989 0.8085 0.0000
vt 0.6184 0.8083 0.0000
vt 0.6185 0.8131 0.0000
vt 0.5818 0.8039 0.0000
vt 0.5989 0.8037 0.0000
vt 0.6184 0.8035 0.0000
vt 0.5817 0.7993 0.0000
vt 0.5989 0.7991 0.0000
vt 0.6183 0.7989 0.0000
vt 0.5817 0.7951 0.0000
vt 0.5988 0.7949 0.0000
vt 0.6183 0.7947 0.0000
vt 0.5817 0.7909 0.0000
vt 0.5988 0.7907 0.0000
vt 0.6183 0.7905 0.0000
vt 0.5816 0.7867 0.0000
vt 0.5987 0.7866 0.0000
vt 0.6182 0.7864 0.0000
vt 0.5993 0.8441 0.0000
vt 0.5822 0.8442 0.0000
vt 0.5821 0.8389 0.0000
vt 0.5992 0.8388 0.0000
vt 0.6187 0.8386 0.0000
vt 0.6188 0.8439 0.0000
vt 0.5821 0.8341 0.0000
vt 0.5992 0.8340 0.0000
vt 0.6187 0.8338 0.0000
vt 0.5820 0.8299 0.0000
vt 0.5991 0.8297 0.0000
vt 0.6186 0.8295 0.0000
vt 0.5820 0.8260 0.0000
vt 0.5991 0.8258 0.0000
vt 0.6186 0.8256 0.0000
vt 0.5820 0.8215 0.0000
vt 0.5991 0.8213 0.0000
vt 0.6185 0.8211 0.0000
vt 0.5600 0.8136 0.0000
vt 0.5698 0.8135 0.0000
vt 0.5698 0.8216 0.0000
vt 0.5601 0.8217 0.0000
vt 0.5697 0.8088 0.0000
vt 0.5600 0.8089 0.0000
vt 0.5697 0.8040 0.0000
vt 0.5599 0.8041 0.0000
vt 0.5696 0.7994 0.0000
vt 0.5599 0.7995 0.0000
vt 0.5696 0.7952 0.0000
vt 0.5599 0.7953 0.0000
vt 0.5696 0.7910 0.0000
vt 0.5598 0.7911 0.0000
vt 0.5695 0.7869 0.0000
vt 0.5598 0.7869 0.0000
vt 0.5700 0.8443 0.0000
vt 0.5700 0.8390 0.0000
vt 0.5603 0.8391 0.0000
vt 0.5603 0.8444 0.0000
vt 0.5700 0.8342 0.0000
vt 0.5602 0.8343 0.0000
vt 0.5699 0.8300 0.0000
vt 0.5602 0.8301 0.0000
vt 0.5699 0.8261 0.0000
vt 0.5601 0.8262 0.0000
vt 0.5404 0.8138 0.0000
vt 0.5505 0.8137 0.0000
vt 0.5505 0.8217 0.0000
vt 0.5404 0.8218 0.0000
vt 0.5504 0.8089 0.0000
vt 0.5403 0.8090 0.0000
vt 0.5504 0.8042 0.0000
vt 0.5403 0.8043 0.0000
vt 0.5503 0.7995 0.0000
vt 0.5402 0.7996 0.0000
vt 0.5503 0.7953 0.0000
vt 0.5402 0.7954 0.0000
vt 0.5503 0.7912 0.0000
vt 0.5402 0.7913 0.0000
vt 0.5502 0.7870 0.0000
vt 0.5401 0.7871 0.0000
vt 0.5508 0.8445 0.0000
vt 0.5507 0.8392 0.0000
vt 0.5406 0.8393 0.0000
vt 0.5407 0.8446 0.0000
vt 0.5507 0.8344 0.0000
vt 0.5406 0.8345 0.0000
vt 0.5506 0.8302 0.0000
vt 0.5405 0.8302 0.0000
vt 0.5506 0.8263 0.0000
vt 0.5405 0.8263 0.0000
vt 0.5222 0.8140 0.0000
vt 0.5308 0.8139 0.0000
vt 0.5309 0.8219 0.0000
vt 0.5223 0.8220 0.0000
vt 0.5308 0.8091 0.0000
vt 0.5222 0.8092 0.0000
vt 0.5307 0.8044 0.0000
vt 0.5222 0.8044 0.0000
vt 0.5307 0.7997 0.0000
vt 0.5221 0.7998 0.0000
vt 0.5307 0.7955 0.0000
vt 0.5221 0.7956 0.0000
vt 0.5306 0.7913 0.0000
vt 0.5220 0.7914 0.0000
vt 0.5306 0.7872 0.0000
vt 0.5220 0.7873 0.0000
vt 0.5311 0.8447 0.0000
vt 0.5311 0.8394 0.0000
vt 0.5225 0.8395 0.0000
vt 0.5225 0.8448 0.0000
vt 0.5310 0.8346 0.0000
vt 0.5224 0.8347 0.0000
vt 0.5310 0.8303 0.0000
vt 0.5224 0.8304 0.0000
vt 0.5309 0.8264 0.0000
vt 0.5224 0.8265 0.0000
vt 0.5024 0.8142 0.0000
vt 0.5125 0.8141 0.0000
vt 0.5126 0.8221 0.0000
vt 0.5025 0.8222 0.0000
vt 0.5124 0.8093 0.0000
vt 0.5024 0.8094 0.0000
vt 0.5124 0.8045 0.0000
vt 0.5023 0.8046 0.0000
vt 0.5124 0.7999 0.0000
vt 0.5023 0.8000 0.0000
vt 0.5123 0.7957 0.0000
vt 0.5023 0.7958 0.0000
vt 0.5123 0.7915 0.0000
vt 0.5022 0.7916 0.0000
vt 0.5122 0.7874 0.0000
vt 0.5022 0.7875 0.0000
vt 0.5128 0.8449 0.0000
vt 0.5127 0.8395 0.0000
vt 0.5027 0.8396 0.0000
vt 0.5027 0.8450 0.0000
vt 0.5127 0.8348 0.0000
vt 0.5026 0.8348 0.0000
vt 0.5126 0.8305 0.0000
vt 0.5026 0.8306 0.0000
vt 0.5126 0.8266 0.0000
vt 0.5025 0.8267 0.0000
vt 0.4822 0.8143 0.0000
vt 0.4926 0.8142 0.0000
vt 0.4927 0.8223 0.0000
vt 0.4823 0.8224 0.0000
vt 0.4925 0.8095 0.0000
vt 0.4822 0.8096 0.0000
vt 0.4925 0.8047 0.0000
vt 0.4821 0.8048 0.0000
vt 0.4925 0.8001 0.0000
vt 0.4821 0.8002 0.0000
vt 0.4924 0.7959 0.0000
vt 0.4820 0.7960 0.0000
vt 0.4924 0.7917 0.0000
vt 0.4820 0.7918 0.0000
vt 0.4923 0.7876 0.0000
vt 0.4820 0.7877 0.0000
vt 0.4929 0.8450 0.0000
vt 0.4928 0.8397 0.0000
vt 0.4824 0.8398 0.0000
vt 0.4825 0.8451 0.0000
vt 0.4928 0.8349 0.0000
vt 0.4824 0.8350 0.0000
vt 0.4927 0.8307 0.0000
vt 0.4824 0.8308 0.0000
vt 0.4927 0.8268 0.0000
vt 0.4823 0.8269 0.0000
vt 0.4580 0.8146 0.0000
vt 0.4581 0.8226 0.0000
vt 0.4580 0.8098 0.0000
vt 0.4579 0.8050 0.0000
vt 0.4579 0.8004 0.0000
vt 0.4578 0.7962 0.0000
vt 0.4578 0.7920 0.0000
vt 0.4577 0.7879 0.0000
vt 0.4582 0.8400 0.0000
vt 0.4583 0.8454 0.0000
vt 0.4582 0.8353 0.0000
vt 0.4581 0.8310 0.0000
vt 0.4581 0.8271 0.0000
vt 0.4380 0.8147 0.0000
vt 0.4380 0.8228 0.0000
vt 0.4379 0.8100 0.0000
vt 0.4379 0.8052 0.0000
vt 0.4378 0.8006 0.0000
vt 0.4378 0.7964 0.0000
vt 0.4378 0.7922 0.0000
vt 0.4377 0.7881 0.0000
vt 0.4382 0.8402 0.0000
vt 0.4383 0.8455 0.0000
vt 0.4382 0.8354 0.0000
vt 0.4381 0.8312 0.0000
vt 0.4381 0.8273 0.0000
vt 0.4258 0.8149 0.0000
vt 0.4258 0.8101 0.0000
vt 0.4257 0.8053 0.0000
vt 0.4257 0.8007 0.0000
vt 0.4257 0.7965 0.0000
vt 0.4256 0.7923 0.0000
vt 0.4256 0.7882 0.0000
vt 0.4261 0.8457 0.0000
vt 0.4261 0.8403 0.0000
vt 0.4260 0.8355 0.0000
vt 0.4260 0.8313 0.0000
vt 0.4259 0.8274 0.0000
vt 0.4259 0.8229 0.0000
vt 0.3236 0.7862 0.0000
vt 0.2845 0.7860 0.0000
vt 0.2846 0.7687 0.0000
vt 0.3237 0.7689 0.0000
vt 0.3386 0.7146 0.0000
vt 0.3126 0.7145 0.0000
vt 0.3127 0.6972 0.0000
vt 0.3387 0.6973 0.0000
vt 0.3595 0.6973 0.0000
vt 0.3594 0.7146 0.0000
vt 0.3689 0.9859 0.0000
vt 0.3598 0.9859 0.0000
vt 0.3598 0.9791 0.0000
vt 0.3689 0.9791 0.0000
vt 0.3736 0.9791 0.0000
vt 0.1379 0.7914 0.0000
vt 0.1184 0.7914 0.0000
vt 0.1185 0.7852 0.0000
vt 0.1379 0.7853 0.0000
vt 0.1561 0.7681 0.0000
vt 0.1560 0.7854 0.0000
vt 0.1380 0.7680 0.0000
vt 0.1816 0.7682 0.0000
vt 0.1815 0.7855 0.0000
vt 0.2119 0.7684 0.0000
vt 0.2119 0.7857 0.0000
vt 0.2500 0.7859 0.0000
vt 0.2501 0.7686 0.0000
vt 0.1223 0.7448 0.0000
vt 0.1186 0.7679 0.0000
vt 0.1188 0.8147 0.0000
vt 0.1188 0.8145 0.0000
vt 0.1184 0.8058 0.0000
vt 0.3533 0.9791 0.0000
vt 0.3388 0.6780 0.0000
vt 0.3595 0.6780 0.0000
vt 0.2891 0.6971 0.0000
vt 0.2892 0.6778 0.0000
vt 0.3127 0.6779 0.0000
vt 0.5197 0.8818 0.0000
vt 0.5308 0.8746 0.0000
vt 0.5308 0.8901 0.0000
vt 0.5308 0.8655 0.0000
vt 0.5434 0.8655 0.0000
vt 0.5434 0.8746 0.0000
vt 0.5434 0.8901 0.0000
vt 0.5514 0.8901 0.0000
vt 0.5514 0.8746 0.0000
vt 0.5514 0.8655 0.0000
vt 0.5648 0.8655 0.0000
vt 0.5648 0.8746 0.0000
vt 0.2720 0.6970 0.0000
vt 0.2720 0.6778 0.0000
vt 0.2628 0.6970 0.0000
vt 0.2720 0.6659 0.0000
vt 0.3708 0.6974 0.0000
vt 0.3709 0.6781 0.0000
vt 0.8575 0.7478 0.0000
vt 0.8726 0.7477 0.0000
vt 0.8726 0.7509 0.0000
vt 0.8575 0.7510 0.0000
vt 0.8876 0.7477 0.0000
vt 0.8877 0.7509 0.0000
vt 0.9027 0.7476 0.0000
vt 0.9027 0.7508 0.0000
vt 0.9178 0.7476 0.0000
vt 0.9178 0.7508 0.0000
vt 0.9329 0.7476 0.0000
vt 0.9329 0.7508 0.0000
vt 0.9480 0.7475 0.0000
vt 0.9480 0.7507 0.0000
vt 0.9631 0.7475 0.0000
vt 0.9630 0.7507 0.0000
vt 0.9782 0.7478 0.0000
vt 0.9781 0.7509 0.0000
vt 0.7820 0.7485 0.0000
vt 0.7971 0.7480 0.0000
vt 0.7972 0.7513 0.0000
vt 0.7822 0.7515 0.0000
vt 0.8123 0.7480 0.0000
vt 0.8123 0.7512 0.0000
vt 0.8273 0.7479 0.0000
vt 0.8274 0.7511 0.0000
vt 0.8424 0.7478 0.0000
vt 0.8424 0.7511 0.0000
vt 0.8584 0.9587 0.0000
vt 0.8733 0.9586 0.0000
vt 0.8658 0.9880 0.0000
vt 0.8883 0.9586 0.0000
vt 0.8808 0.9880 0.0000
vt 0.9032 0.9585 0.0000
vt 0.8958 0.9880 0.0000
vt 0.9182 0.9585 0.0000
vt 0.9107 0.9880 0.0000
vt 0.9332 0.9585 0.0000
vt 0.9256 0.9880 0.0000
vt 0.9481 0.9585 0.0000
vt 0.9407 0.9880 0.0000
vt 0.9630 0.9585 0.0000
vt 0.9556 0.9880 0.0000
vt 0.9777 0.9585 0.0000
vt 0.9702 0.9880 0.0000
vt 0.7839 0.9592 0.0000
vt 0.7986 0.9590 0.0000
vt 0.7917 0.9885 0.0000
vt 0.8135 0.9589 0.0000
vt 0.8063 0.9884 0.0000
vt 0.8284 0.9588 0.0000
vt 0.8212 0.9883 0.0000
vt 0.8434 0.9587 0.0000
vt 0.8361 0.9882 0.0000
vt 0.8510 0.9881 0.0000
vt 0.8574 0.7429 0.0000
vt 0.8726 0.7428 0.0000
vt 0.8876 0.7427 0.0000
vt 0.9027 0.7426 0.0000
vt 0.9178 0.7425 0.0000
vt 0.9329 0.7423 0.0000
vt 0.9480 0.7425 0.0000
vt 0.9632 0.7424 0.0000
vt 0.9795 0.7430 0.0000
vt 0.7804 0.7435 0.0000
vt 0.7970 0.7430 0.0000
vt 0.8122 0.7430 0.0000
vt 0.8274 0.7430 0.0000
vt 0.8424 0.7431 0.0000
vt 0.8732 0.6999 0.0000
vt 0.8564 0.7001 0.0000
vt 0.8564 0.6990 0.0000
vt 0.8732 0.6988 0.0000
vt 0.8900 0.6996 0.0000
vt 0.8900 0.6985 0.0000
vt 0.9068 0.6993 0.0000
vt 0.9068 0.6982 0.0000
vt 0.9235 0.6991 0.0000
vt 0.9235 0.6980 0.0000
vt 0.9402 0.6990 0.0000
vt 0.9402 0.6979 0.0000
vt 0.9569 0.6991 0.0000
vt 0.9569 0.6979 0.0000
vt 0.9737 0.6992 0.0000
vt 0.9737 0.6981 0.0000
vt 0.9904 0.6995 0.0000
vt 0.9906 0.6984 0.0000
vt 0.7891 0.6988 0.0000
vt 0.7723 0.6981 0.0000
vt 0.7721 0.6970 0.0000
vt 0.7891 0.6976 0.0000
vt 0.8059 0.6994 0.0000
vt 0.8059 0.6983 0.0000
vt 0.8227 0.6998 0.0000
vt 0.8227 0.6987 0.0000
vt 0.8395 0.7001 0.0000
vt 0.8396 0.6990 0.0000
vt 0.8731 0.6888 0.0000
vt 0.8563 0.6890 0.0000
vt 0.8642 0.6552 0.0000
vt 0.8898 0.6885 0.0000
vt 0.8806 0.6549 0.0000
vt 0.9066 0.6882 0.0000
vt 0.8974 0.6545 0.0000
vt 0.9234 0.6880 0.0000
vt 0.9143 0.6541 0.0000
vt 0.9402 0.6879 0.0000
vt 0.9315 0.6539 0.0000
vt 0.9570 0.6879 0.0000
vt 0.9487 0.6538 0.0000
vt 0.9738 0.6881 0.0000
vt 0.9659 0.6540 0.0000
vt 0.9905 0.6884 0.0000
vt 0.9828 0.6543 0.0000
vt 0.7895 0.6877 0.0000
vt 0.7728 0.6869 0.0000
vt 0.7830 0.6535 0.0000
vt 0.8062 0.6883 0.0000
vt 0.7993 0.6543 0.0000
vt 0.8229 0.6888 0.0000
vt 0.8156 0.6549 0.0000
vt 0.8396 0.6890 0.0000
vt 0.8318 0.6553 0.0000
vt 0.8479 0.6554 0.0000
vt 0.9234 0.6899 0.0000
vt 0.9066 0.6901 0.0000
vt 0.9066 0.6894 0.0000
vt 0.9234 0.6891 0.0000
vt 0.9402 0.6898 0.0000
vt 0.9402 0.6890 0.0000
vt 0.9570 0.6898 0.0000
vt 0.9570 0.6891 0.0000
vt 0.9738 0.6900 0.0000
vt 0.9738 0.6893 0.0000
vt 0.9907 0.6902 0.0000
vt 0.9907 0.6895 0.0000
vt 0.7894 0.6896 0.0000
vt 0.7725 0.6888 0.0000
vt 0.7725 0.6880 0.0000
vt 0.7894 0.6888 0.0000
vt 0.8061 0.6902 0.0000
vt 0.8062 0.6894 0.0000
vt 0.8229 0.6906 0.0000
vt 0.8229 0.6899 0.0000
vt 0.8396 0.6909 0.0000
vt 0.8396 0.6901 0.0000
vt 0.8564 0.6909 0.0000
vt 0.8564 0.6901 0.0000
vt 0.8731 0.6907 0.0000
vt 0.8731 0.6899 0.0000
vt 0.8899 0.6904 0.0000
vt 0.8899 0.6897 0.0000
vt 0.9067 0.6975 0.0000
vt 0.8900 0.6978 0.0000
vt 0.9235 0.6973 0.0000
vt 0.9402 0.6972 0.0000
vt 0.9569 0.6972 0.0000
vt 0.9737 0.6974 0.0000
vt 0.9906 0.6977 0.0000
vt 0.7891 0.6969 0.0000
vt 0.7722 0.6962 0.0000
vt 0.8059 0.6976 0.0000
vt 0.8227 0.6980 0.0000
vt 0.8396 0.6983 0.0000
vt 0.8564 0.6983 0.0000
vt 0.8732 0.6981 0.0000
vt 0.9032 0.9551 0.0000
vt 0.8883 0.9551 0.0000
vt 0.8733 0.9552 0.0000
vt 0.8583 0.9552 0.0000
vt 0.8434 0.9553 0.0000
vt 0.8284 0.9554 0.0000
vt 0.8135 0.9555 0.0000
vt 0.7985 0.9556 0.0000
vt 0.7835 0.9557 0.0000
vt 0.9781 0.9551 0.0000
vt 0.9631 0.9550 0.0000
vt 0.9481 0.9550 0.0000
vt 0.9332 0.9550 0.0000
vt 0.9182 0.9551 0.0000
vt 0.9189 0.7180 0.0000
vt 0.9114 0.7181 0.0000
vt 0.9356 0.7180 0.0000
vt 0.9281 0.7180 0.0000
vt 0.9522 0.7180 0.0000
vt 0.9448 0.7180 0.0000
vt 0.9690 0.7181 0.0000
vt 0.9615 0.7180 0.0000
vt 0.9856 0.7183 0.0000
vt 0.9782 0.7182 0.0000
vt 0.7839 0.7173 0.0000
vt 0.7765 0.7170 0.0000
vt 0.8007 0.7178 0.0000
vt 0.7933 0.7175 0.0000
vt 0.8177 0.7182 0.0000
vt 0.8102 0.7180 0.0000
vt 0.8347 0.7184 0.0000
vt 0.8272 0.7183 0.0000
vt 0.8517 0.7185 0.0000
vt 0.8442 0.7185 0.0000
vt 0.8686 0.7184 0.0000
vt 0.8611 0.7185 0.0000
vt 0.8854 0.7183 0.0000
vt 0.8779 0.7184 0.0000
vt 0.9022 0.7181 0.0000
vt 0.8947 0.7183 0.0000
vt 0.4376 0.5381 0.0000
vt 0.4445 0.5381 0.0000
vt 0.4445 0.5653 0.0000
vt 0.4376 0.5653 0.0000
vt 0.4541 0.5381 0.0000
vt 0.4541 0.5653 0.0000
vt 0.4625 0.5381 0.0000
vt 0.4625 0.5653 0.0000
vt 0.2831 0.0726 0.0000
vt 0.8271 0.0710 0.0000
vt 0.2831 0.0652 0.0000
vt 0.8271 0.0636 0.0000
vt 0.4625 0.5310 0.0000
vt 0.9803 0.5311 0.0000
vt 0.9803 0.5382 0.0000
vt 0.4625 0.5241 0.0000
vt 0.4625 0.5167 0.0000
vt 0.9803 0.5167 0.0000
vt 0.9803 0.5242 0.0000
vt 0.0973 0.5901 0.0000
vt 0.0973 0.5978 0.0000
vt 0.0709 0.5979 0.0000
vt 0.0708 0.5903 0.0000
vt 0.0974 0.6070 0.0000
vt 0.0709 0.6072 0.0000
vt 0.0974 0.6137 0.0000
vt 0.0710 0.6138 0.0000
vt 0.1174 0.5900 0.0000
vt 0.1096 0.5901 0.0000
vt 0.1073 0.0925 0.0000
vt 0.1151 0.0924 0.0000
vt 0.1037 0.5901 0.0000
vt 0.0950 0.0925 0.0000
vt 0.1013 0.0925 0.0000
vt 0.4625 0.5718 0.0000
vt 0.9803 0.5653 0.0000
vt 0.9803 0.5719 0.0000
vt 0.2830 0.0356 0.0000
vt 0.2830 0.0282 0.0000
vt 0.8270 0.0267 0.0000
vt 0.8270 0.0341 0.0000
vt 0.2829 0.0218 0.0000
vt 0.8270 0.0203 0.0000
vt 0.2885 0.0218 0.0000
vt 0.8215 0.0203 0.0000
vt 0.0643 0.5903 0.0000
vt 0.0620 0.0927 0.0000
vt 0.0685 0.0927 0.0000
vt 0.0584 0.5903 0.0000
vt 0.0508 0.5904 0.0000
vt 0.0485 0.0928 0.0000
vt 0.0561 0.0927 0.0000
vt 0.0948 0.0661 0.0000
vt 0.0949 0.0728 0.0000
vt 0.0684 0.0730 0.0000
vt 0.0684 0.0663 0.0000
vt 0.0949 0.0828 0.0000
vt 0.0685 0.0829 0.0000
vt 0.4541 0.5310 0.0000
vt 0.4445 0.5310 0.0000
vt 0.4376 0.5310 0.0000
vt 0.4485 0.5241 0.0000
vt 0.4485 0.5167 0.0000
vt 0.4541 0.5167 0.0000
vt 0.4541 0.5241 0.0000
vt 0.1038 0.6136 0.0000
vt 0.1038 0.6070 0.0000
vt 0.1037 0.5978 0.0000
vt 0.1097 0.5978 0.0000
vt 0.1175 0.5977 0.0000
vt 0.1175 0.6034 0.0000
vt 0.1097 0.6034 0.0000
vt 0.4376 0.5718 0.0000
vt 0.4445 0.5718 0.0000
vt 0.4541 0.5718 0.0000
vt 0.4625 0.5788 0.0000
vt 0.4541 0.5788 0.0000
vt 0.4625 0.5867 0.0000
vt 0.4541 0.5867 0.0000
vt 0.4471 0.5867 0.0000
vt 0.4471 0.5788 0.0000
vt 0.0643 0.5980 0.0000
vt 0.0644 0.6072 0.0000
vt 0.0644 0.6138 0.0000
vt 0.0585 0.6043 0.0000
vt 0.0509 0.6043 0.0000
vt 0.0508 0.5980 0.0000
vt 0.0585 0.5980 0.0000
vt 0.1072 0.0763 0.0000
vt 0.1150 0.0762 0.0000
vt 0.1150 0.0827 0.0000
vt 0.1072 0.0827 0.0000
vt 0.1013 0.0828 0.0000
vt 0.0619 0.0829 0.0000
vt 0.0560 0.0830 0.0000
vt 0.0618 0.0663 0.0000
vt 0.0619 0.0730 0.0000
vt 0.0188 0.7325 0.0000
vt 0.0174 0.7816 0.0000
vt 0.3889 0.6781 0.0000
vt 0.1378 0.8059 0.0000
vt 0.1161 0.7233 0.0000
vt 0.1161 0.7283 0.0000
vt 0.2890 0.7144 0.0000
vt 0.5749 0.8655 0.0000
vt 0.5749 0.8746 0.0000
vt 0.5233 0.8746 0.0000
vt 0.5233 0.8655 0.0000
vt 0.2627 0.7117 0.0000
vt 0.1400 0.7339 0.0000
vt 0.1381 0.7470 0.0000
vt 0.2167 0.8913 0.0000
vt 0.2548 0.8911 0.0000
vt 0.2545 0.8551 0.0000
vt 0.2163 0.8555 0.0000
vt 0.1864 0.8916 0.0000
vt 0.1860 0.8558 0.0000
vt 0.1608 0.8918 0.0000
vt 0.1605 0.8560 0.0000
vt 0.1128 0.9005 0.0000
vt 0.1129 0.9063 0.0000
vt 0.1234 0.9062 0.0000
vt 0.1234 0.9005 0.0000
vt 0.2544 0.8404 0.0000
vt 0.2162 0.8408 0.0000
vt 0.1859 0.8410 0.0000
vt 0.1603 0.8413 0.0000
vt 0.1462 0.8414 0.0000
vt 0.1463 0.8561 0.0000
vt 0.2542 0.8211 0.0000
vt 0.2160 0.8215 0.0000
vt 0.2541 0.8093 0.0000
vt 0.2159 0.8097 0.0000
vt 0.2666 0.8210 0.0000
vt 0.2665 0.8092 0.0000
vt 0.1857 0.8218 0.0000
vt 0.1979 0.8098 0.0000
vt 0.1856 0.8099 0.0000
vt 0.1602 0.8220 0.0000
vt 0.1601 0.8102 0.0000
vt 0.1460 0.8221 0.0000
vt 0.1459 0.8103 0.0000
vt 0.0442 0.9068 0.0000
vt 0.0442 0.9011 0.0000
vt 0.0375 0.9011 0.0000
vt 0.0375 0.9069 0.0000
vt 0.0282 0.9012 0.0000
vt 0.0283 0.9069 0.0000
vt 0.0442 0.9136 0.0000
vt 0.0376 0.9137 0.0000
vt 0.0377 0.9310 0.0000
vt 0.0444 0.9310 0.0000
vt 0.0283 0.9138 0.0000
vt 0.0285 0.9311 0.0000
vt 0.0282 0.8941 0.0000
vt 0.0214 0.8941 0.0000
vt 0.0215 0.9012 0.0000
vt 0.0219 0.9317 0.0000
vt 0.0285 0.9372 0.0000
vt 0.0169 0.8942 0.0000
vt 0.0170 0.9013 0.0000
vt 0.0281 0.8858 0.0000
vt 0.0214 0.8858 0.0000
vt 0.0281 0.8817 0.0000
vt 0.0219 0.8828 0.0000
vt 0.0286 0.9516 0.0000
vt 0.0211 0.9372 0.0000
vt 0.0212 0.9517 0.0000
vt 0.0197 0.9575 0.0000
vt 0.0286 0.9603 0.0000
vt 0.0280 0.8692 0.0000
vt 0.0202 0.8692 0.0000
vt 0.0203 0.8742 0.0000
vt 0.0280 0.8742 0.0000
vt 0.0169 0.8859 0.0000
vt 0.0373 0.8816 0.0000
vt 0.0373 0.8741 0.0000
vt 0.0440 0.8816 0.0000
vt 0.0439 0.8741 0.0000
vt 0.0378 0.9602 0.0000
vt 0.0378 0.9515 0.0000
vt 0.0445 0.9602 0.0000
vt 0.0445 0.9515 0.0000
vt 0.0439 0.8691 0.0000
vt 0.0372 0.8691 0.0000
vt 0.0444 0.9371 0.0000
vt 0.0377 0.9371 0.0000
vt 0.0374 0.8857 0.0000
vt 0.0374 0.8940 0.0000
vt 0.0441 0.8940 0.0000
vt 0.0440 0.8857 0.0000
vt 0.0578 0.9067 0.0000
vt 0.0578 0.9010 0.0000
vt 0.0579 0.9135 0.0000
vt 0.0580 0.9308 0.0000
vt 0.0576 0.8815 0.0000
vt 0.0576 0.8740 0.0000
vt 0.0581 0.9601 0.0000
vt 0.0581 0.9514 0.0000
vt 0.0575 0.8690 0.0000
vt 0.0577 0.8856 0.0000
vt 0.0580 0.9370 0.0000
vt 0.0577 0.8939 0.0000
vt 0.0686 0.9066 0.0000
vt 0.0685 0.9009 0.0000
vt 0.0686 0.9134 0.0000
vt 0.0687 0.9308 0.0000
vt 0.0684 0.8814 0.0000
vt 0.0683 0.8739 0.0000
vt 0.0689 0.9600 0.0000
vt 0.0688 0.9513 0.0000
vt 0.0683 0.8689 0.0000
vt 0.0684 0.8855 0.0000
vt 0.0688 0.9369 0.0000
vt 0.0685 0.8938 0.0000
vt 0.0820 0.9065 0.0000
vt 0.0820 0.9008 0.0000
vt 0.0821 0.9133 0.0000
vt 0.0822 0.9307 0.0000
vt 0.0818 0.8813 0.0000
vt 0.0818 0.8738 0.0000
vt 0.0824 0.9599 0.0000
vt 0.0823 0.9512 0.0000
vt 0.0817 0.8688 0.0000
vt 0.0818 0.8854 0.0000
vt 0.0822 0.9368 0.0000
vt 0.0819 0.8937 0.0000
vt 0.0949 0.9064 0.0000
vt 0.0948 0.9007 0.0000
vt 0.0949 0.9132 0.0000
vt 0.0950 0.9306 0.0000
vt 0.0947 0.8812 0.0000
vt 0.0946 0.8737 0.0000
vt 0.0953 0.9598 0.0000
vt 0.0952 0.9511 0.0000
vt 0.0946 0.8687 0.0000
vt 0.0947 0.8853 0.0000
vt 0.0951 0.9367 0.0000
vt 0.0948 0.8936 0.0000
vt 0.1129 0.9131 0.0000
vt 0.1131 0.9304 0.0000
vt 0.1126 0.8735 0.0000
vt 0.1127 0.8810 0.0000
vt 0.1133 0.9597 0.0000
vt 0.1132 0.9510 0.0000
vt 0.1126 0.8685 0.0000
vt 0.1127 0.8851 0.0000
vt 0.1131 0.9365 0.0000
vt 0.1128 0.8935 0.0000
vt 0.3287 0.9288 0.0000
vt 0.3286 0.9115 0.0000
vt 0.2895 0.9118 0.0000
vt 0.2896 0.9291 0.0000
vt 0.3428 0.8569 0.0000
vt 0.3427 0.8396 0.0000
vt 0.3167 0.8399 0.0000
vt 0.3168 0.8572 0.0000
vt 0.3634 0.8394 0.0000
vt 0.3636 0.8567 0.0000
vt 0.1431 0.9363 0.0000
vt 0.1430 0.9302 0.0000
vt 0.1236 0.9303 0.0000
vt 0.1236 0.9365 0.0000
vt 0.1610 0.9127 0.0000
vt 0.1429 0.9129 0.0000
vt 0.1611 0.9301 0.0000
vt 0.1865 0.9126 0.0000
vt 0.1866 0.9299 0.0000
vt 0.2168 0.9123 0.0000
vt 0.2170 0.9296 0.0000
vt 0.2551 0.9293 0.0000
vt 0.2550 0.9120 0.0000
vt 0.1269 0.8899 0.0000
vt 0.1235 0.9130 0.0000
vt 0.1243 0.9596 0.0000
vt 0.1243 0.9598 0.0000
vt 0.1237 0.9509 0.0000
vt 0.3633 0.8201 0.0000
vt 0.3425 0.8203 0.0000
vt 0.3165 0.8206 0.0000
vt 0.2929 0.8208 0.0000
vt 0.2931 0.8401 0.0000
vt 0.2757 0.8209 0.0000
vt 0.2760 0.8402 0.0000
vt 0.2668 0.8403 0.0000
vt 0.2756 0.8091 0.0000
vt 0.3748 0.8393 0.0000
vt 0.3746 0.8200 0.0000
vt 0.0233 0.8788 0.0000
vt 0.0225 0.9280 0.0000
vt 0.3927 0.8199 0.0000
vt 0.1432 0.9507 0.0000
vt 0.1205 0.8685 0.0000
vt 0.1205 0.8735 0.0000
vt 0.2932 0.8574 0.0000
vt 0.2669 0.8550 0.0000
vt 0.1444 0.8788 0.0000
vt 0.1427 0.8919 0.0000
vt 0.7719 0.5160 0.0000
vt 0.5804 0.1601 0.0000
vt 0.9602 0.1583 0.0000
vt 0.9803 0.5789 0.0000
vt 0.9803 0.5868 0.0000
vt 0.3528 0.5213 0.0000
vt 0.1589 0.1571 0.0000
vt 0.5466 0.1571 0.0000
vt 0.0484 0.0830 0.0000
vt 0.0484 0.0775 0.0000
vt 0.0560 0.0775 0.0000
vt 0.1012 0.0661 0.0000
vt 0.1013 0.0728 0.0000
# 1609 texture coords

o pCylinder10
g pCylinder10
usemtl 01___Default
s off
f 1/1/1 2/2/2 3/3/3 4/4/4 
f 2/2/2 5/5/5 6/6/6 3/3/3 
f 5/5/5 7/7/7 8/8/8 6/6/6 
f 7/7/7 9/9/9 10/10/10 8/8/8 
f 9/9/9 11/11/11 12/12/12 10/10/10 
f 11/11/11 13/13/13 14/14/14 12/12/12 
f 13/13/13 15/15/15 16/16/16 14/14/14 
f 15/15/15 17/17/17 18/18/18 16/16/16 
f 17/19/17 19/20/19 20/21/20 18/22/18 
f 19/20/19 21/23/21 22/24/22 20/21/20 
f 21/23/21 23/25/23 24/26/24 22/24/22 
f 23/25/23 25/27/25 26/28/26 24/26/24 
f 25/27/25 1/1/1 4/4/4 26/28/26 
f 27/29/27 28/30/28 29/31/28 30/32/27 
f 31/33/29 27/29/27 30/32/27 32/34/29 
f 33/35/30 31/36/29 32/37/29 34/38/30 
f 35/39/31 33/35/30 34/38/30 36/40/31 
f 37/41/32 35/39/31 36/40/31 38/42/32 
f 39/43/33 37/41/32 38/42/32 40/44/33 
f 41/45/34 39/43/33 40/44/33 42/46/34 
f 43/47/35 41/45/34 42/46/34 44/48/35 
f 45/49/36 43/47/35 44/48/35 46/50/36 
f 47/51/37 45/49/36 46/50/36 48/52/37 
f 49/53/38 47/51/37 48/52/37 50/54/38 
f 51/55/39 49/53/38 50/54/38 52/56/39 
f 28/30/28 51/55/39 52/56/39 29/31/28 
f 53/57/27 54/58/28 28/30/28 27/29/27 
f 55/59/29 53/57/27 27/29/27 31/33/29 
f 56/60/30 55/61/29 31/36/29 33/35/30 
f 57/62/31 56/60/30 33/35/30 35/39/31 
f 58/63/32 57/62/31 35/39/31 37/41/32 
f 59/64/33 58/63/32 37/41/32 39/43/33 
f 60/65/34 59/64/33 39/43/33 41/45/34 
f 61/66/35 60/65/34 41/45/34 43/47/35 
f 62/67/36 61/66/35 43/47/35 45/49/36 
f 63/68/37 62/67/36 45/49/36 47/51/37 
f 64/69/38 63/68/37 47/51/37 49/53/38 
f 65/70/39 64/69/38 49/53/38 51/55/39 
f 54/58/28 65/70/39 51/55/39 28/30/28 
f 66/71/27 67/72/28 54/58/28 53/57/27 
f 68/73/29 66/71/27 53/57/27 55/59/29 
f 69/74/30 68/75/29 55/61/29 56/60/30 
f 70/76/31 69/74/30 56/60/30 57/62/31 
f 71/77/32 70/76/31 57/62/31 58/63/32 
f 72/78/33 71/77/32 58/63/32 59/64/33 
f 73/79/34 72/78/33 59/64/33 60/65/34 
f 74/80/35 73/79/34 60/65/34 61/66/35 
f 75/81/36 74/80/35 61/66/35 62/67/36 
f 76/82/37 75/81/36 62/67/36 63/68/37 
f 77/83/38 76/82/37 63/68/37 64/69/38 
f 78/84/39 77/83/38 64/69/38 65/70/39 
f 67/72/28 78/84/39 65/70/39 54/58/28 
f 79/85/27 80/86/28 67/72/28 66/71/27 
f 81/87/29 79/85/27 66/71/27 68/73/29 
f 82/88/30 81/89/29 68/75/29 69/74/30 
f 83/90/31 82/88/30 69/74/30 70/76/31 
f 84/91/32 83/90/31 70/76/31 71/77/32 
f 85/92/33 84/91/32 71/77/32 72/78/33 
f 86/93/34 85/92/33 72/78/33 73/79/34 
f 87/94/35 86/93/34 73/79/34 74/80/35 
f 88/95/36 87/94/35 74/80/35 75/81/36 
f 89/96/37 88/95/36 75/81/36 76/82/37 
f 90/97/38 89/96/37 76/82/37 77/83/38 
f 91/98/39 90/97/38 77/83/38 78/84/39 
f 80/86/28 91/98/39 78/84/39 67/72/28 
f 92/99/27 93/100/28 80/86/28 79/85/27 
f 94/101/29 92/99/27 79/85/27 81/87/29 
f 95/102/30 94/103/29 81/89/29 82/88/30 
f 96/104/31 95/102/30 82/88/30 83/90/31 
f 97/105/32 96/104/31 83/90/31 84/91/32 
f 98/106/33 97/105/32 84/91/32 85/92/33 
f 99/107/34 98/106/33 85/92/33 86/93/34 
f 100/108/35 99/107/34 86/93/34 87/94/35 
f 101/109/36 100/108/35 87/94/35 88/95/36 
f 102/110/37 101/109/36 88/95/36 89/96/37 
f 103/111/38 102/110/37 89/96/37 90/97/38 
f 104/112/39 103/111/38 90/97/38 91/98/39 
f 93/100/28 104/112/39 91/98/39 80/86/28 
f 105/113/40 106/114/41 93/100/28 92/99/27 
f 107/115/42 105/113/40 92/99/27 94/101/29 
f 108/116/43 107/117/42 94/103/29 95/102/30 
f 109/118/44 108/116/43 95/102/30 96/104/31 
f 110/119/45 109/118/44 96/104/31 97/105/32 
f 111/120/46 110/119/45 97/105/32 98/106/33 
f 112/121/47 111/120/46 98/106/33 99/107/34 
f 113/122/48 112/121/47 99/107/34 100/108/35 
f 114/123/49 113/122/48 100/108/35 101/109/36 
f 115/124/50 114/123/49 101/109/36 102/110/37 
f 116/125/51 115/124/50 102/110/37 103/111/38 
f 117/126/52 116/125/51 103/111/38 104/112/39 
f 106/114/41 117/126/52 104/112/39 93/100/28 
f 118/127/53 119/128/54 106/114/41 105/113/40 
f 120/129/55 118/127/53 105/113/40 107/115/42 
f 121/130/56 120/131/55 107/117/42 108/116/43 
f 122/132/57 121/130/56 108/116/43 109/118/44 
f 123/133/58 122/132/57 109/118/44 110/119/45 
f 124/134/59 123/133/58 110/119/45 111/120/46 
f 125/135/60 124/134/59 111/120/46 112/121/47 
f 126/136/61 125/135/60 112/121/47 113/122/48 
f 127/137/62 126/136/61 113/122/48 114/123/49 
f 128/138/63 127/137/62 114/123/49 115/124/50 
f 129/139/64 128/138/63 115/124/50 116/125/51 
f 130/140/65 129/139/64 116/125/51 117/126/52 
f 119/128/54 130/140/65 117/126/52 106/114/41 
f 131/141/66 132/142/67 119/128/54 118/127/53 
f 133/143/68 131/141/66 118/127/53 120/129/55 
f 134/144/69 133/145/68 120/131/55 121/130/56 
f 135/146/70 134/144/69 121/130/56 122/132/57 
f 136/147/71 135/146/70 122/132/57 123/133/58 
f 137/148/72 136/147/71 123/133/58 124/134/59 
f 138/149/73 137/148/72 124/134/59 125/135/60 
f 139/150/74 138/149/73 125/135/60 126/136/61 
f 140/151/75 139/150/74 126/136/61 127/137/62 
f 141/152/76 140/151/75 127/137/62 128/138/63 
f 142/153/77 141/152/76 128/138/63 129/139/64 
f 143/154/78 142/153/77 129/139/64 130/140/65 
f 132/142/67 143/154/78 130/140/65 119/128/54 
f 144/155/79 145/156/80 132/142/67 131/141/66 
f 146/157/81 144/155/79 131/141/66 133/143/68 
f 147/158/82 146/159/81 133/145/68 134/144/69 
f 148/160/83 147/158/82 134/144/69 135/146/70 
f 149/161/84 148/160/83 135/146/70 136/147/71 
f 150/162/85 149/161/84 136/147/71 137/148/72 
f 151/163/86 150/162/85 137/148/72 138/149/73 
f 152/164/87 151/163/86 138/149/73 139/150/74 
f 153/165/88 152/164/87 139/150/74 140/151/75 
f 154/166/89 153/165/88 140/151/75 141/152/76 
f 155/167/90 154/166/89 141/152/76 142/153/77 
f 156/168/91 155/167/90 142/153/77 143/154/78 
f 145/156/80 156/168/91 143/154/78 132/142/67 
f 157/169/92 158/170/93 145/156/80 144/155/79 
f 159/171/94 157/169/92 144/155/79 146/157/81 
f 160/172/95 159/173/94 146/159/81 147/158/82 
f 161/174/96 160/172/95 147/158/82 148/160/83 
f 162/175/97 161/174/96 148/160/83 149/161/84 
f 163/176/98 162/175/97 149/161/84 150/162/85 
f 164/177/99 163/176/98 150/162/85 151/163/86 
f 165/178/100 164/177/99 151/163/86 152/164/87 
f 166/179/101 165/178/100 152/164/87 153/165/88 
f 167/180/102 166/179/101 153/165/88 154/166/89 
f 168/181/103 167/180/102 154/166/89 155/167/90 
f 169/182/104 168/181/103 155/167/90 156/168/91 
f 158/170/93 169/182/104 156/168/91 145/156/80 
f 170/183/105 171/184/106 158/170/93 157/169/92 
f 172/185/107 170/183/105 157/169/92 159/171/94 
f 173/186/108 172/187/107 159/173/94 160/172/95 
f 174/188/109 173/186/108 160/172/95 161/174/96 
f 175/189/110 174/188/109 161/174/96 162/175/97 
f 176/190/111 175/189/110 162/175/97 163/176/98 
f 177/191/112 176/190/111 163/176/98 164/177/99 
f 178/192/113 177/191/112 164/177/99 165/178/100 
f 179/193/114 178/192/113 165/178/100 166/179/101 
f 180/194/115 179/193/114 166/179/101 167/180/102 
f 181/195/116 180/194/115 167/180/102 168/181/103 
f 182/196/117 181/195/116 168/181/103 169/182/104 
f 171/184/106 182/196/117 169/182/104 158/170/93 
f 183/197/118 184/198/119 171/184/106 170/183/105 
f 185/199/120 183/197/118 170/183/105 172/185/107 
f 186/200/121 185/201/120 172/187/107 173/186/108 
f 187/202/122 186/200/121 173/186/108 174/188/109 
f 188/203/123 187/202/122 174/188/109 175/189/110 
f 189/204/124 188/203/123 175/189/110 176/190/111 
f 190/205/125 189/204/124 176/190/111 177/191/112 
f 191/206/126 190/205/125 177/191/112 178/192/113 
f 192/207/127 191/206/126 178/192/113 179/193/114 
f 193/208/128 192/207/127 179/193/114 180/194/115 
f 194/209/129 193/208/128 180/194/115 181/195/116 
f 195/210/130 194/209/129 181/195/116 182/196/117 
f 184/198/119 195/210/130 182/196/117 171/184/106 
f 196/211/118 197/212/119 184/198/119 183/197/118 
f 198/213/120 196/211/118 183/197/118 185/199/120 
f 199/214/131 198/215/120 185/201/120 186/200/121 
f 200/216/132 199/214/131 186/200/121 187/202/122 
f 201/217/123 200/216/132 187/202/122 188/203/123 
f 202/218/124 201/217/123 188/203/123 189/204/124 
f 203/219/125 202/218/124 189/204/124 190/205/125 
f 204/220/126 203/219/125 190/205/125 191/206/126 
f 205/221/127 204/220/126 191/206/126 192/207/127 
f 206/222/128 205/221/127 192/207/127 193/208/128 
f 207/223/129 206/222/128 193/208/128 194/209/129 
f 208/224/133 207/223/129 194/209/129 195/210/130 
f 197/212/119 208/224/133 195/210/130 184/198/119 
f 209/225/118 210/226/119 197/212/119 196/211/118 
f 211/227/120 209/225/118 196/211/118 198/213/120 
f 212/228/121 211/229/120 198/215/120 199/214/131 
f 213/230/132 212/228/121 199/214/131 200/216/132 
f 214/231/123 213/230/132 200/216/132 201/217/123 
f 215/232/124 214/231/123 201/217/123 202/218/124 
f 216/233/125 215/232/124 202/218/124 203/219/125 
f 217/234/126 216/233/125 203/219/125 204/220/126 
f 218/235/127 217/234/126 204/220/126 205/221/127 
f 219/236/128 218/235/127 205/221/127 206/222/128 
f 220/237/129 219/236/128 206/222/128 207/223/129 
f 221/238/134 220/237/129 207/223/129 208/224/133 
f 210/226/119 221/238/134 208/224/133 197/212/119 
f 20/21/20 22/24/22 210/226/119 209/225/118 
f 18/22/18 20/21/20 209/225/118 211/227/120 
f 16/16/16 18/18/18 211/229/120 212/228/121 
f 14/14/14 16/16/16 212/228/121 213/230/132 
f 12/12/12 14/14/14 213/230/132 214/231/123 
f 10/10/10 12/12/12 214/231/123 215/232/124 
f 8/8/8 10/10/10 215/232/124 216/233/125 
f 6/6/6 8/8/8 216/233/125 217/234/126 
f 3/3/3 6/6/6 217/234/126 218/235/127 
f 4/4/4 3/3/3 218/235/127 219/236/128 
f 26/28/26 4/4/4 219/236/128 220/237/129 
f 24/26/24 26/28/26 220/237/129 221/238/134 
f 22/24/22 24/26/24 221/238/134 210/226/119 
f 2/2/2 1/1/1 222/239/135 223/240/136 
f 5/5/5 2/2/2 223/240/136 224/241/137 
f 7/7/7 5/5/5 224/241/137 225/242/138 
f 9/9/9 7/7/7 225/242/138 226/243/139 
f 11/11/11 9/9/9 226/243/139 227/244/140 
f 13/13/13 11/11/11 227/244/140 228/245/141 
f 15/15/15 13/13/13 228/245/141 229/246/142 
f 17/17/17 15/15/15 229/246/142 230/247/143 
f 19/20/19 17/19/17 230/248/143 231/249/144 
f 21/23/21 19/20/19 231/249/144 232/250/145 
f 23/25/23 21/23/21 232/250/145 233/251/146 
f 25/27/25 23/25/23 233/251/146 234/252/147 
f 1/1/1 25/27/25 234/252/147 222/239/135 
f 223/240/136 222/239/135 235/253/148 236/254/149 
f 224/241/137 223/240/136 236/254/149 237/255/150 
f 225/242/138 224/241/137 237/255/150 238/256/151 
f 226/243/139 225/242/138 238/256/151 239/257/152 
f 227/244/140 226/243/139 239/257/152 240/258/153 
f 228/245/141 227/244/140 240/258/153 241/259/154 
f 229/246/142 228/245/141 241/259/154 242/260/155 
f 230/247/143 229/246/142 242/260/155 243/261/156 
f 231/249/144 230/248/143 243/262/156 244/263/157 
f 232/250/145 231/249/144 244/263/157 245/264/158 
f 233/251/146 232/250/145 245/264/158 246/265/159 
f 234/252/147 233/251/146 246/265/159 247/266/160 
f 222/239/135 234/252/147 247/266/160 235/253/148 
f 240/267/153 239/268/152 248/269/161 249/270/162 
f 241/271/154 240/267/153 249/270/162 250/272/163 
f 242/273/155 241/271/154 250/272/163 251/274/164 
f 243/275/156 242/273/155 251/274/164 252/276/165 
f 244/277/157 243/278/156 252/279/165 253/280/166 
f 245/281/158 244/277/157 253/280/166 254/282/167 
f 246/283/159 245/281/158 254/282/167 255/284/168 
f 247/285/160 246/283/159 255/284/168 256/286/169 
f 257/287/170 258/288/171 259/289/172 260/290/173 
f 261/291/174 257/287/170 260/292/173 
f 262/293/175 261/291/174 260/292/173 263/294/176 
f 264/295/177 262/293/175 263/294/176 265/296/178 
f 266/297/179 264/298/177 265/299/178 267/300/180 
f 268/301/181 266/297/179 267/300/180 269/302/182 
f 270/303/183 268/301/181 269/302/182 271/304/184 
f 272/305/185 270/303/183 271/304/184 273/306/186 
f 263/307/176 260/308/173 259/289/172 274/309/187 
f 265/310/178 263/311/176 274/309/187 275/312/188 
f 267/313/180 265/310/178 275/312/188 276/314/189 
f 269/315/182 267/313/180 276/314/189 277/316/190 
f 271/304/184 269/302/182 277/317/190 273/318/186 
f 236/254/149 235/253/148 278/319/191 279/320/192 
f 237/255/150 236/254/149 279/320/192 280/321/193 
f 238/256/151 237/255/150 280/321/193 281/322/194 
f 239/268/152 238/256/151 281/322/194 
f 235/253/148 247/285/160 278/319/191 
f 282/323/195 283/324/196 284/325/197 285/326/198 
f 286/327/199 282/323/195 285/326/198 287/328/200 
f 288/329/201 286/327/199 287/328/200 289/330/202 
f 258/288/171 288/329/201 289/330/202 259/289/172 
f 283/324/196 272/305/185 273/306/186 284/325/197 
f 273/318/186 277/317/190 284/331/197 
f 277/316/190 276/314/189 285/326/198 284/325/197 
f 276/314/189 275/312/188 287/328/200 285/326/198 
f 275/312/188 274/309/187 289/330/202 287/328/200 
f 290/332/203 256/286/169 272/305/185 283/324/196 
f 291/333/204 290/332/203 283/324/196 282/323/195 
f 292/334/205 291/333/204 282/323/195 286/327/199 
f 293/335/206 292/334/205 286/327/199 288/329/201 
f 248/269/161 293/335/206 288/329/201 258/288/171 
f 249/270/162 248/269/161 258/288/171 257/287/170 
f 250/272/163 249/270/162 257/287/170 261/291/174 
f 251/274/164 250/272/163 261/291/174 262/293/175 
f 252/276/165 251/274/164 262/293/175 264/295/177 
f 253/280/166 252/279/165 264/298/177 266/297/179 
f 254/282/167 253/280/166 266/297/179 268/301/181 
f 255/284/168 254/282/167 268/301/181 270/303/183 
f 256/286/169 255/284/168 270/303/183 272/305/185 
f 274/309/187 259/289/172 289/330/202 
f 278/319/191 247/285/160 256/286/169 290/332/203 
f 279/320/192 278/319/191 290/332/203 291/333/204 
f 280/321/193 279/320/192 291/333/204 292/334/205 
f 281/322/194 280/321/193 292/334/205 293/335/206 
f 239/268/152 281/322/194 293/335/206 248/269/161 
f 294/336/207 295/337/208 296/338/209 297/339/210 
f 298/340/211 299/341/212 300/342/213 301/343/214 
f 299/341/212 302/344/215 303/345/216 300/342/213 
f 302/344/215 304/346/217 305/347/218 303/345/216 
f 306/348/219 307/349/220 308/350/221 309/351/222 
f 307/349/220 310/352/223 311/353/224 308/350/221 
f 310/352/223 298/340/211 312/354/225 311/353/224 
f 304/355/217 313/356/226 314/357/227 315/358/228 
f 313/356/226 316/359/229 317/360/230 314/357/227 
f 316/359/229 306/348/219 318/361/231 317/360/230 
f 309/351/222 319/362/232 320/363/233 318/361/231 
f 319/362/232 321/364/234 322/365/235 320/363/233 
f 321/364/234 323/366/236 324/367/237 322/365/235 
f 315/368/228 325/369/238 326/370/239 327/371/240 
f 325/369/238 328/372/241 329/373/242 326/370/239 
f 328/372/241 324/367/237 330/374/243 329/373/242 
f 306/348/219 309/351/222 318/361/231 
f 324/367/237 323/366/236 331/375/244 330/374/243 
f 298/340/211 301/343/214 332/376/245 312/354/225 
f 305/377/218 304/355/217 315/358/228 327/378/240 
f 313/379/226 304/346/217 302/344/215 333/380/246 
f 333/380/246 302/344/215 299/341/212 334/381/247 
f 299/341/212 298/340/211 310/352/223 334/381/247 
f 334/381/247 310/352/223 307/349/220 335/382/248 
f 307/349/220 306/348/219 316/383/229 335/382/248 
f 335/382/248 316/383/229 313/384/226 333/385/246 
f 333/386/246 334/381/247 335/382/248 
f 319/362/232 309/351/222 308/350/221 336/387/249 
f 322/365/235 324/367/237 328/372/241 337/388/250 
f 337/388/250 328/372/241 325/369/238 338/389/251 
f 325/369/238 315/368/228 314/390/227 338/389/251 
f 338/391/251 314/392/227 317/393/230 339/394/252 
f 317/393/230 318/361/231 320/363/233 339/394/252 
f 339/394/252 320/363/233 322/365/235 337/388/250 
f 337/388/250 338/395/251 339/394/252 
f 340/396/253 341/397/254 342/398/255 343/399/256 
f 341/397/254 344/400/257 345/401/258 342/398/255 
f 344/400/257 346/402/259 347/403/260 345/401/258 
f 348/404/261 349/405/262 350/406/263 351/407/264 
f 349/405/262 352/408/265 353/409/266 350/406/263 
f 352/408/265 340/410/253 354/411/267 353/409/266 
f 346/402/259 355/412/268 311/353/269 312/354/270 
f 355/412/268 356/413/271 357/414/272 311/353/269 
f 356/413/271 348/404/261 358/415/273 357/414/272 
f 323/366/274 321/364/275 359/416/276 360/417/277 
f 321/364/275 361/418/278 362/419/279 359/416/276 
f 361/418/278 358/415/273 351/407/264 362/419/279 
f 360/417/277 363/420/280 364/421/281 365/422/282 
f 363/420/280 366/423/283 367/424/284 364/421/281 
f 366/423/283 354/425/267 368/426/285 367/424/284 
f 348/404/261 351/407/264 358/415/273 
f 360/417/277 365/422/282 331/375/286 323/366/274 
f 347/403/260 346/402/259 312/354/270 332/376/287 
f 340/410/253 343/427/256 368/428/285 354/411/267 
f 355/412/268 346/402/259 344/400/257 369/429/288 
f 369/429/288 344/400/257 341/397/254 370/430/289 
f 341/397/254 340/396/253 352/431/265 370/430/289 
f 370/432/289 352/433/265 349/434/262 371/435/290 
f 349/434/262 348/404/261 356/413/271 371/435/290 
f 371/435/290 356/413/271 355/412/268 369/429/288 
f 369/429/288 370/436/289 371/435/290 
f 336/387/291 311/353/269 357/414/272 
f 357/414/272 358/415/273 361/418/278 336/387/291 
f 336/387/291 361/418/278 321/364/275 
f 353/437/266 354/425/267 366/423/283 372/438/292 
f 372/438/292 366/423/283 363/420/280 373/439/293 
f 363/420/280 360/417/277 359/416/276 373/439/293 
f 373/439/293 359/416/276 362/419/279 374/440/294 
f 362/419/279 351/407/264 350/441/263 374/440/294 
f 374/440/294 350/441/263 353/442/266 372/443/292 
f 372/444/292 373/439/293 374/440/294 
f 375/445/295 376/446/296 377/447/297 378/448/298 
f 379/449/299 380/450/300 376/446/296 375/445/295 
f 381/451/301 382/452/302 380/450/300 379/449/299 
f 383/453/303 382/454/302 384/455/304 385/456/305 
f 386/457/306 377/447/297 376/446/296 387/458/307 
f 387/458/307 376/446/296 380/450/300 388/459/308 
f 388/459/308 380/450/300 382/452/302 389/460/309 
f 382/452/302 383/461/303 390/462/310 389/460/309 
f 387/458/307 391/463/311 392/464/312 386/457/306 
f 393/465/313 392/464/312 391/463/311 394/466/314 
f 393/465/313 395/467/315 396/468/316 392/464/312 
f 388/459/308 397/469/317 391/463/311 387/458/307 
f 398/470/318 394/466/314 391/463/311 397/469/317 399/471/319 
f 389/460/309 400/472/320 397/469/317 388/459/308 
f 399/471/319 397/469/317 400/472/320 401/473/321 
f 402/474/322 400/472/320 389/460/309 390/462/310 
f 402/474/322 403/475/323 401/473/321 400/472/320 
f 404/476/324 405/477/325 406/478/326 407/479/327 
f 408/480/328 405/477/325 404/476/324 409/481/329 
f 410/482/330 404/476/324 407/479/327 411/483/331 
f 410/482/330 412/484/332 409/481/329 404/476/324 
f 409/485/329 413/486/333 414/487/334 408/488/328 
f 408/488/328 414/487/334 415/489/335 
f 416/490/336 413/486/333 409/485/329 412/484/332 
f 417/491/337 414/492/334 413/493/333 418/494/338 
f 419/495/339 415/496/335 414/492/334 417/491/337 
f 413/493/333 416/497/336 420/498/340 418/494/338 
f 416/490/336 412/484/332 410/482/330 420/499/340 
f 405/477/325 419/495/339 421/500/341 406/478/326 
f 408/480/328 415/496/335 419/495/339 405/477/325 
f 406/478/326 421/500/341 422/501/342 423/502/343 
f 407/479/327 406/478/326 423/502/343 424/503/344 
f 411/483/331 407/479/327 424/503/344 425/504/345 
f 418/494/338 426/505/346 427/506/347 417/491/337 
f 417/491/337 427/506/347 421/500/341 419/495/339 
f 420/498/340 428/507/348 426/505/346 418/494/338 
f 410/482/330 411/483/331 428/508/348 420/499/340 
f 423/502/343 422/501/342 429/509/349 430/510/350 
f 424/503/344 423/502/343 430/510/350 431/511/351 
f 425/504/345 424/503/344 431/511/351 432/512/352 
f 426/505/346 433/513/353 434/514/354 427/506/347 
f 427/506/347 434/514/354 422/501/342 421/500/341 
f 428/507/348 435/515/355 433/513/353 426/505/346 
f 411/483/331 425/504/345 435/516/355 428/508/348 
f 430/510/350 429/509/349 436/517/356 437/518/357 
f 431/511/351 430/510/350 437/518/357 438/519/358 
f 432/512/352 431/511/351 438/519/358 439/520/359 
f 433/513/353 440/521/360 441/522/361 434/514/354 
f 434/514/354 441/522/361 429/509/349 422/501/342 
f 435/515/355 442/523/362 440/521/360 433/513/353 
f 425/504/345 432/512/352 442/524/362 435/516/355 
f 437/518/357 436/517/356 443/525/363 444/526/364 
f 438/519/358 437/518/357 444/526/364 445/527/365 
f 439/520/359 438/519/358 445/527/365 446/528/366 
f 440/521/360 447/529/367 448/530/368 441/522/361 
f 441/522/361 448/530/368 436/517/356 429/509/349 
f 442/523/362 449/531/369 447/529/367 440/521/360 
f 432/512/352 439/520/359 449/532/369 442/524/362 
f 444/526/364 443/525/363 450/533/370 451/534/371 
f 445/527/365 444/526/364 451/534/371 452/535/372 
f 447/529/367 453/536/373 454/537/374 448/530/368 
f 448/530/368 454/537/374 443/525/363 436/517/356 
f 449/531/369 455/538/375 453/536/373 447/529/367 
f 439/520/359 446/528/366 455/539/375 449/532/369 
f 378/540/298 377/541/297 455/539/375 446/528/366 
f 456/542/376 457/543/377 458/544/378 459/545/379 
f 460/546/380 457/543/377 456/542/376 461/547/381 
f 460/546/380 462/548/382 463/549/383 457/543/377 
f 457/543/377 463/549/383 464/550/384 458/544/378 
f 465/551/385 456/542/376 459/545/379 466/552/386 
f 465/551/385 467/553/387 461/547/381 456/542/376 
f 461/547/381 468/554/388 469/555/389 460/546/380 
f 470/556/390 469/555/389 468/554/388 471/557/391 
f 470/556/390 472/558/392 469/555/389 
f 460/546/380 469/555/389 472/558/392 462/548/382 
f 473/559/393 468/554/388 461/547/381 467/553/387 
f 473/559/393 471/557/391 468/554/388 
f 474/560/394 470/561/390 471/562/391 475/563/395 
f 475/563/395 471/562/391 473/564/393 476/565/396 
f 473/564/393 467/553/387 465/551/385 476/565/396 
f 463/566/383 477/567/397 478/568/398 464/569/384 
f 462/570/382 472/571/392 477/567/397 463/566/383 
f 474/560/394 477/567/397 472/571/392 470/561/390 
f 458/544/378 464/550/384 479/572/399 480/573/400 
f 459/545/379 458/544/378 480/573/400 481/574/401 
f 466/552/386 459/545/379 481/574/401 482/575/402 
f 475/563/395 483/576/403 484/577/404 474/560/394 
f 476/565/396 485/578/405 483/576/403 475/563/395 
f 474/560/394 484/577/404 478/568/398 477/567/397 
f 465/551/385 466/552/386 485/578/405 476/565/396 
f 464/569/384 478/568/398 486/579/406 479/580/399 
f 480/573/400 479/572/399 487/581/407 488/582/408 
f 481/574/401 480/573/400 488/582/408 489/583/409 
f 482/575/402 481/574/401 489/583/409 490/584/410 
f 483/576/403 491/585/411 492/586/412 484/577/404 
f 485/578/405 493/587/413 491/585/411 483/576/403 
f 484/577/404 492/586/412 486/579/406 478/568/398 
f 466/552/386 482/575/402 493/587/413 485/578/405 
f 479/580/399 486/579/406 494/588/414 487/589/407 
f 488/582/408 487/581/407 495/590/415 496/591/416 
f 489/583/409 488/582/408 496/591/416 497/592/417 
f 490/584/410 489/583/409 497/592/417 498/593/418 
f 491/585/411 499/594/419 500/595/420 492/586/412 
f 493/587/413 501/596/421 499/594/419 491/585/411 
f 492/586/412 500/595/420 494/588/414 486/579/406 
f 482/575/402 490/584/410 501/596/421 493/587/413 
f 487/589/407 494/588/414 502/597/422 495/598/415 
f 496/591/416 495/590/415 503/599/423 504/600/424 
f 497/592/417 496/591/416 504/600/424 505/601/425 
f 498/593/418 497/592/417 505/601/425 506/602/426 
f 499/594/419 507/603/427 508/604/428 500/595/420 
f 501/596/421 509/605/429 507/603/427 499/594/419 
f 500/595/420 508/604/428 502/597/422 494/588/414 
f 490/584/410 498/593/418 509/605/429 501/596/421 
f 495/598/415 502/597/422 510/606/430 503/607/423 
f 503/599/423 395/608/315 393/609/313 504/600/424 
f 393/609/313 394/610/314 505/601/425 504/600/424 
f 394/610/314 398/611/318 506/602/426 505/601/425 
f 507/603/427 511/612/431 512/613/432 508/604/428 
f 509/605/429 513/614/433 511/612/431 507/603/427 
f 514/615/434 515/616/435 511/612/431 513/614/433 
f 508/604/428 512/613/432 510/606/430 502/597/422 
f 516/617/436 510/606/430 512/613/432 517/618/437 
f 498/593/418 506/602/426 513/614/433 509/605/429 
f 518/619/438 513/620/433 506/621/426 398/622/318 
f 395/623/315 516/617/436 519/624/439 
f 520/625/440 521/626/441 522/627/442 523/628/443 
f 524/629/444 520/625/440 523/628/443 525/630/445 
f 524/629/444 526/631/446 527/632/447 520/625/440 
f 527/632/447 528/633/448 521/626/441 520/625/440 
f 522/627/442 529/634/449 530/635/450 523/628/443 
f 530/635/450 531/636/451 525/630/445 523/628/443 
f 525/630/445 532/637/452 533/638/453 524/629/444 
f 534/639/454 533/638/453 532/637/452 535/640/455 
f 534/639/454 536/641/456 537/642/457 533/638/453 
f 524/629/444 533/638/453 537/642/457 526/631/446 
f 538/643/458 532/637/452 525/630/445 531/636/451 
f 538/643/458 535/640/455 532/637/452 
f 539/644/459 534/645/454 535/646/455 540/647/460 
f 541/648/461 539/644/459 540/647/460 542/649/462 
f 541/648/461 543/650/463 544/651/464 539/644/459 
f 544/651/464 536/652/456 534/645/454 539/644/459 
f 540/647/460 535/646/455 538/653/458 545/654/465 
f 542/649/462 540/647/460 545/654/465 546/655/466 
f 545/654/465 530/635/450 529/634/449 546/655/466 
f 538/653/458 531/636/451 530/635/450 545/654/465 
f 547/656/467 548/657/468 528/633/448 527/632/447 
f 526/631/446 537/658/457 547/656/467 527/632/447 
f 537/658/457 536/659/456 544/660/464 547/656/467 
f 544/660/464 543/661/463 548/657/468 547/656/467 
f 521/626/441 528/633/448 549/662/469 550/663/470 
f 550/663/470 549/662/469 551/664/471 552/665/472 
f 550/663/470 553/666/473 522/627/442 521/626/441 
f 553/666/473 550/663/470 552/665/472 554/667/474 
f 555/668/475 553/666/473 554/667/474 556/669/476 
f 555/668/475 529/634/449 522/627/442 553/666/473 
f 557/670/477 541/648/461 542/649/462 558/671/478 
f 559/672/479 543/650/463 541/648/461 557/670/477 
f 558/671/478 542/649/462 546/655/466 560/673/480 
f 548/657/468 543/661/463 559/674/479 561/675/481 
f 561/675/481 559/674/479 562/676/482 563/677/483 
f 560/673/480 546/655/466 529/634/449 555/668/475 
f 561/675/481 549/662/469 528/633/448 548/657/468 
f 549/662/469 561/675/481 563/677/483 551/664/471 
f 552/665/472 551/664/471 564/678/484 565/679/485 
f 554/667/474 552/665/472 565/679/485 566/680/486 
f 556/669/476 554/667/474 566/680/486 567/681/487 
f 558/671/478 568/682/488 569/683/489 557/670/477 
f 557/670/477 569/683/489 562/684/482 559/672/479 
f 560/673/480 570/685/490 568/682/488 558/671/478 
f 563/677/483 562/676/482 571/686/491 572/687/492 
f 555/668/475 556/669/476 570/685/490 560/673/480 
f 551/664/471 563/677/483 572/687/492 564/678/484 
f 565/679/485 564/678/484 573/688/493 574/689/494 
f 566/680/486 565/679/485 574/689/494 575/690/495 
f 567/681/487 566/680/486 575/690/495 576/691/496 
f 568/682/488 577/692/497 578/693/498 569/683/489 
f 569/683/489 578/693/498 571/694/491 562/684/482 
f 570/685/490 579/695/499 577/692/497 568/682/488 
f 572/687/492 571/686/491 580/696/500 581/697/501 
f 556/669/476 567/681/487 579/695/499 570/685/490 
f 564/678/484 572/687/492 581/697/501 573/688/493 
f 574/689/494 573/688/493 582/698/502 583/699/503 
f 575/690/495 574/689/494 583/699/503 584/700/504 
f 576/691/496 575/690/495 584/700/504 585/701/505 
f 577/692/497 586/702/506 587/703/507 578/693/498 
f 578/693/498 587/703/507 580/704/500 571/694/491 
f 579/695/499 588/705/508 586/702/506 577/692/497 
f 581/697/501 580/696/500 589/706/509 590/707/510 
f 567/681/487 576/691/496 588/705/508 579/695/499 
f 573/688/493 581/697/501 590/707/510 582/698/502 
f 582/698/502 398/622/318 399/708/319 583/699/503 
f 399/708/319 401/709/321 584/700/504 583/699/503 
f 401/709/321 403/710/323 585/701/505 584/700/504 
f 586/702/506 591/711/511 592/712/512 587/703/507 
f 593/713/513 592/712/512 591/711/511 594/714/514 
f 593/713/513 514/715/434 589/716/509 592/712/512 
f 587/703/507 592/712/512 589/716/509 580/704/500 
f 588/705/508 595/717/515 591/711/511 586/702/506 
f 594/714/514 591/711/511 595/717/515 596/718/516 
f 589/706/509 514/719/434 518/619/438 590/707/510 
f 576/691/496 585/701/505 595/717/515 588/705/508 
f 597/720/517 596/718/516 595/717/515 585/701/505 403/710/323 
f 518/619/438 398/622/318 582/698/502 590/707/510 
f 598/721/518 599/722/519 600/723/520 601/724/521 
f 602/725/522 600/723/520 599/722/519 603/726/523 
f 604/727/524 605/728/525 606/729/526 607/730/527 
f 606/729/526 608/731/528 609/732/529 607/730/527 
f 609/732/529 603/726/523 599/722/519 607/730/527 
f 599/722/519 598/721/518 604/727/524 607/730/527 
f 602/725/522 603/733/523 610/734/530 611/735/531 
f 612/736/532 608/731/528 613/737/533 
f 610/734/530 603/733/523 609/738/529 612/739/532 
f 610/734/530 614/740/534 615/741/535 611/735/531 
f 616/742/536 615/741/535 614/743/534 
f 617/744/537 618/745/538 612/746/532 613/737/533 
f 617/744/537 619/747/539 618/748/538 
f 619/749/539 620/750/540 614/751/534 618/752/538 
f 612/739/532 618/753/538 614/740/534 610/734/530 
f 616/742/536 620/750/540 621/754/541 622/755/542 
f 623/756/543 622/755/542 621/754/541 624/757/544 
f 625/758/545 619/747/539 617/744/537 626/759/546 
f 627/760/547 625/758/545 626/759/546 628/761/548 
f 627/762/547 624/757/544 621/754/541 625/763/545 
f 621/754/541 620/750/540 619/749/539 625/763/545 
f 626/759/546 629/764/549 630/765/550 628/761/548 
f 617/744/537 613/737/533 629/764/549 626/759/546 
f 613/737/533 608/731/528 606/729/526 629/764/549 
f 606/729/526 605/728/525 630/765/550 629/764/549 
f 631/766/551 632/767/552 633/768/553 634/769/554 
f 611/735/531 615/741/535 631/766/551 634/769/554 
f 615/741/535 616/742/536 622/755/542 631/766/551 
f 622/755/542 623/756/543 632/767/552 631/766/551 
f 633/768/553 601/724/521 600/723/520 634/769/554 
f 600/723/520 602/725/522 611/735/531 634/769/554 
f 635/770/555 598/721/518 601/724/521 636/771/556 
f 598/721/518 635/770/555 637/772/557 604/727/524 
f 605/728/525 604/727/524 637/772/557 638/773/558 
f 639/774/559 623/756/543 624/757/544 640/775/560 
f 641/776/561 627/760/547 628/761/548 642/777/562 
f 640/775/560 624/757/544 627/762/547 641/778/561 
f 623/756/543 639/774/559 643/779/563 632/767/552 
f 642/777/562 628/761/548 630/765/550 644/780/564 
f 645/781/565 633/768/553 632/767/552 643/779/563 
f 636/771/556 601/724/521 633/768/553 645/781/565 
f 605/728/525 638/773/558 644/780/564 630/765/550 
f 646/782/566 635/770/555 636/771/556 647/783/567 
f 635/770/555 646/782/566 648/784/568 637/772/557 
f 638/773/558 637/772/557 648/784/568 649/785/569 
f 650/786/570 639/774/559 640/775/560 651/787/571 
f 652/788/572 641/776/561 642/777/562 653/789/573 
f 651/787/571 640/775/560 641/778/561 652/790/572 
f 639/774/559 650/786/570 654/791/574 643/779/563 
f 653/789/573 642/777/562 644/780/564 655/792/575 
f 656/793/576 645/781/565 643/779/563 654/791/574 
f 647/783/567 636/771/556 645/781/565 656/793/576 
f 638/773/558 649/785/569 655/792/575 644/780/564 
f 657/794/577 646/782/566 647/783/567 658/795/578 
f 646/782/566 657/794/577 659/796/579 648/784/568 
f 649/785/569 648/784/568 659/796/579 660/797/580 
f 661/798/581 650/786/570 651/787/571 662/799/582 
f 663/800/583 652/788/572 653/789/573 664/801/584 
f 662/799/582 651/787/571 652/790/572 663/802/583 
f 650/786/570 661/798/581 665/803/585 654/791/574 
f 664/801/584 653/789/573 655/792/575 666/804/586 
f 667/805/587 656/793/576 654/791/574 665/803/585 
f 658/795/578 647/783/567 656/793/576 667/805/587 
f 649/785/569 660/797/580 666/804/586 655/792/575 
f 668/806/588 657/794/577 658/795/578 669/807/589 
f 657/794/577 668/806/588 670/808/590 659/796/579 
f 660/797/580 659/796/579 670/808/590 671/809/591 
f 672/810/592 661/798/581 662/799/582 673/811/593 
f 674/812/594 663/800/583 664/801/584 675/813/595 
f 673/811/593 662/799/582 663/802/583 674/814/594 
f 661/798/581 672/810/592 676/815/596 665/803/585 
f 675/813/595 664/801/584 666/804/586 677/816/597 
f 678/817/598 667/805/587 665/803/585 676/815/596 
f 669/807/589 658/795/578 667/805/587 678/817/598 
f 660/797/580 671/809/591 677/816/597 666/804/586 
f 385/456/305 668/806/588 669/807/589 383/453/303 
f 668/806/588 385/456/305 679/818/599 670/808/590 
f 671/809/591 670/808/590 679/818/599 680/819/600 
f 597/820/517 403/821/323 672/810/592 673/811/593 
f 681/822/601 674/812/594 675/813/595 682/823/602 
f 597/820/517 673/811/593 674/814/594 681/824/601 
f 672/810/592 403/821/323 402/825/322 676/815/596 
f 682/823/602 675/813/595 677/816/597 683/826/603 
f 402/825/322 390/827/310 678/817/598 676/815/596 
f 383/453/303 669/807/589 678/817/598 390/827/310 
f 671/809/591 680/819/600 683/826/603 677/816/597 
f 684/828/604 685/829/605 686/830/606 687/831/607 
f 688/832/608 689/833/609 684/828/604 687/831/607 
f 687/831/607 686/830/606 690/834/610 691/835/611 
f 692/836/612 688/832/608 687/831/607 691/835/611 
f 691/835/611 690/834/610 693/837/613 694/838/614 
f 695/839/615 692/836/612 691/835/611 694/838/614 
f 694/838/614 693/837/613 696/840/616 697/841/617 
f 698/842/618 695/839/615 694/838/614 697/841/617 
f 697/841/617 696/840/616 699/843/619 700/844/620 
f 701/845/621 698/842/618 697/841/617 700/844/620 
f 700/844/620 699/843/619 702/846/622 703/847/623 
f 704/848/624 701/845/621 700/844/620 703/847/623 
f 703/849/623 702/850/622 705/851/625 706/852/626 
f 707/853/627 704/854/624 703/849/623 706/852/626 
f 706/852/626 705/851/625 708/855/628 709/856/629 
f 710/857/630 707/853/627 706/852/626 709/856/629 
f 709/856/629 708/855/628 711/858/631 712/859/632 
f 713/860/633 710/857/630 709/856/629 712/859/632 
f 712/859/632 711/858/631 714/861/634 715/862/635 
f 716/863/636 713/860/633 712/859/632 715/862/635 
f 715/862/635 714/861/634 717/864/637 718/865/638 
f 719/866/639 716/863/636 715/862/635 718/865/638 
f 689/833/609 719/866/639 718/865/638 684/828/604 
f 685/829/605 684/828/604 718/865/638 717/864/637 
f 720/867/640 721/868/641 722/869/642 723/870/643 
f 721/868/641 724/871/644 686/830/606 685/829/605 
f 725/872/645 724/871/644 721/868/641 720/867/640 
f 724/871/644 726/873/646 690/834/610 686/830/606 
f 727/874/647 726/873/646 724/871/644 725/872/645 
f 726/873/646 728/875/648 693/837/613 690/834/610 
f 729/876/649 728/875/648 726/873/646 727/874/647 
f 728/875/648 730/877/650 696/840/616 693/837/613 
f 731/878/651 730/877/650 728/875/648 729/876/649 
f 730/877/650 732/879/652 699/843/619 696/840/616 
f 733/880/653 732/879/652 730/877/650 731/878/651 
f 732/879/652 734/881/654 702/846/622 699/843/619 
f 735/882/655 734/881/654 732/879/652 733/880/653 
f 734/883/654 736/884/656 705/851/625 702/850/622 
f 737/885/657 736/884/656 734/883/654 735/886/655 
f 736/884/656 738/887/658 708/855/628 705/851/625 
f 739/888/659 738/887/658 736/884/656 737/885/657 
f 738/887/658 740/889/660 711/858/631 708/855/628 
f 741/890/661 740/889/660 738/887/658 739/888/659 
f 740/889/660 742/891/662 714/861/634 711/858/631 
f 743/892/663 742/891/662 740/889/660 741/890/661 
f 742/891/662 722/869/642 717/864/637 714/861/634 
f 723/870/643 722/869/642 742/891/662 743/892/663 
f 685/829/605 717/864/637 722/869/642 721/868/641 
f 744/893/664 745/894/665 746/895/666 747/896/667 
f 745/894/665 748/897/668 725/872/645 720/867/640 
f 749/898/669 748/897/668 745/894/665 744/893/664 
f 748/897/668 750/899/670 727/874/647 725/872/645 
f 751/900/671 750/899/670 748/897/668 749/898/669 
f 750/899/670 752/901/672 729/876/649 727/874/647 
f 753/902/673 752/901/672 750/899/670 751/900/671 
f 752/901/672 754/903/674 731/878/651 729/876/649 
f 755/904/675 754/903/674 752/901/672 753/902/673 
f 754/903/674 756/905/676 733/880/653 731/878/651 
f 757/906/677 756/905/676 754/903/674 755/904/675 
f 756/905/676 758/907/678 735/882/655 733/880/653 
f 759/908/679 758/907/678 756/905/676 757/906/677 
f 758/909/678 760/910/680 737/885/657 735/886/655 
f 761/911/681 760/910/680 758/909/678 759/912/679 
f 760/910/680 762/913/682 739/888/659 737/885/657 
f 763/914/683 762/913/682 760/910/680 761/911/681 
f 762/913/682 764/915/684 741/890/661 739/888/659 
f 765/916/685 764/915/684 762/913/682 763/914/683 
f 764/915/684 766/917/686 743/892/663 741/890/661 
f 767/918/687 766/917/686 764/915/684 765/916/685 
f 766/917/686 746/895/666 723/870/643 743/892/663 
f 747/896/667 746/895/666 766/917/686 767/918/687 
f 720/867/640 723/870/643 746/895/666 745/894/665 
f 768/919/688 769/920/689 770/921/690 771/922/691 
f 769/920/689 772/923/692 749/898/669 744/893/664 
f 773/924/693 772/923/692 769/920/689 768/919/688 
f 772/923/692 774/925/694 751/900/671 749/898/669 
f 775/926/695 774/925/694 772/923/692 773/924/693 
f 774/925/694 776/927/696 753/902/673 751/900/671 
f 777/928/697 776/927/696 774/925/694 775/926/695 
f 776/927/696 778/929/698 755/904/675 753/902/673 
f 779/930/699 778/929/698 776/927/696 777/928/697 
f 778/929/698 780/931/700 757/906/677 755/904/675 
f 781/932/701 780/931/700 778/929/698 779/930/699 
f 780/931/700 782/933/702 759/908/679 757/906/677 
f 783/934/703 782/933/702 780/931/700 781/932/701 
f 782/935/702 784/936/704 761/911/681 759/912/679 
f 785/937/705 784/936/704 782/935/702 783/938/703 
f 784/936/704 786/939/706 763/914/683 761/911/681 
f 787/940/707 786/939/706 784/936/704 785/937/705 
f 786/939/706 788/941/708 765/916/685 763/914/683 
f 789/942/709 788/941/708 786/939/706 787/940/707 
f 788/941/708 790/943/710 767/918/687 765/916/685 
f 791/944/711 790/943/710 788/941/708 789/942/709 
f 790/943/710 770/921/690 747/896/667 767/918/687 
f 771/922/691 770/921/690 790/943/710 791/944/711 
f 744/893/664 747/896/667 770/921/690 769/920/689 
f 792/945/712 793/946/713 794/947/714 795/948/715 
f 793/946/713 796/949/716 773/924/693 768/919/688 
f 797/950/717 796/949/716 793/946/713 792/945/712 
f 796/949/716 798/951/718 775/926/695 773/924/693 
f 799/952/719 798/951/718 796/949/716 797/950/717 
f 798/951/718 800/953/720 777/928/697 775/926/695 
f 801/954/721 800/953/720 798/951/718 799/952/719 
f 800/953/720 802/955/722 779/930/699 777/928/697 
f 803/956/723 802/955/722 800/953/720 801/954/721 
f 802/955/722 804/957/724 781/932/701 779/930/699 
f 805/958/725 804/957/724 802/955/722 803/956/723 
f 804/957/724 806/959/726 783/934/703 781/932/701 
f 807/960/727 806/959/726 804/957/724 805/958/725 
f 806/961/726 808/962/728 785/937/705 783/938/703 
f 809/963/729 808/962/728 806/961/726 807/964/727 
f 808/962/728 810/965/730 787/940/707 785/937/705 
f 811/966/731 810/965/730 808/962/728 809/963/729 
f 810/965/730 812/967/732 789/942/709 787/940/707 
f 813/968/733 812/967/732 810/965/730 811/966/731 
f 812/967/732 814/969/734 791/944/711 789/942/709 
f 815/970/735 814/969/734 812/967/732 813/968/733 
f 814/969/734 794/947/714 771/922/691 791/944/711 
f 795/948/715 794/947/714 814/969/734 815/970/735 
f 768/919/688 771/922/691 794/947/714 793/946/713 
f 816/971/736 817/972/737 818/973/738 819/974/739 
f 817/972/737 820/975/740 797/950/717 792/945/712 
f 821/976/741 820/975/740 817/972/737 816/971/736 
f 820/975/740 822/977/742 799/952/719 797/950/717 
f 823/978/743 822/977/742 820/975/740 821/976/741 
f 822/977/742 824/979/744 801/954/721 799/952/719 
f 825/980/745 824/979/744 822/977/742 823/978/743 
f 824/979/744 826/981/746 803/956/723 801/954/721 
f 827/982/747 826/981/746 824/979/744 825/980/745 
f 826/981/746 828/983/748 805/958/725 803/956/723 
f 829/984/749 828/983/748 826/981/746 827/982/747 
f 828/983/748 830/985/750 807/960/727 805/958/725 
f 831/986/751 830/985/750 828/983/748 829/984/749 
f 830/987/750 832/988/752 809/963/729 807/964/727 
f 833/989/753 832/988/752 830/987/750 831/990/751 
f 832/988/752 834/991/754 811/966/731 809/963/729 
f 835/992/755 834/991/754 832/988/752 833/989/753 
f 834/991/754 836/993/756 813/968/733 811/966/731 
f 837/994/757 836/993/756 834/991/754 835/992/755 
f 836/993/756 838/995/758 815/970/735 813/968/733 
f 839/996/759 838/995/758 836/993/756 837/994/757 
f 838/995/758 818/973/738 795/948/715 815/970/735 
f 819/974/739 818/973/738 838/995/758 839/996/759 
f 792/945/712 795/948/715 818/973/738 817/972/737 
f 840/997/760 816/971/736 819/974/739 841/998/761 
f 842/999/762 821/976/741 816/971/736 840/997/760 
f 843/1000/763 823/978/743 821/976/741 842/999/762 
f 844/1001/764 825/980/745 823/978/743 843/1000/763 
f 845/1002/765 827/982/747 825/980/745 844/1001/764 
f 846/1003/766 829/984/749 827/982/747 845/1002/765 
f 847/1004/767 831/986/751 829/984/749 846/1003/766 
f 848/1005/768 833/989/753 831/990/751 847/1006/767 
f 849/1007/769 835/992/755 833/989/753 848/1005/768 
f 850/1008/770 837/994/757 835/992/755 849/1007/769 
f 851/1009/771 839/996/759 837/994/757 850/1008/770 
f 841/998/761 819/974/739 839/996/759 851/1009/771 
f 852/1010/772 840/997/760 841/998/761 853/1011/773 
f 854/1012/774 842/999/762 840/997/760 852/1010/772 
f 855/1013/775 843/1000/763 842/999/762 854/1012/774 
f 856/1014/776 844/1001/764 843/1000/763 855/1013/775 
f 857/1015/777 845/1002/765 844/1001/764 856/1014/776 
f 858/1016/778 846/1003/766 845/1002/765 857/1015/777 
f 859/1017/779 847/1004/767 846/1003/766 858/1016/778 
f 860/1018/780 848/1005/768 847/1006/767 859/1019/779 
f 861/1020/781 849/1007/769 848/1005/768 860/1018/780 
f 862/1021/782 850/1008/770 849/1007/769 861/1020/781 
f 863/1022/783 851/1009/771 850/1008/770 862/1021/782 
f 853/1011/773 841/998/761 851/1009/771 863/1022/783 
f 852/1010/772 864/1023/784 865/1024/785 854/1012/774 
f 854/1012/774 865/1024/785 866/1025/786 855/1013/775 
f 855/1013/775 866/1025/786 867/1026/787 856/1014/776 
f 856/1014/776 867/1026/787 868/1027/788 857/1015/777 
f 857/1015/777 868/1027/788 869/1028/789 858/1016/778 
f 858/1016/778 869/1028/789 870/1029/790 859/1017/779 
f 859/1019/779 870/1030/790 871/1031/791 860/1018/780 
f 860/1018/780 871/1031/791 872/1032/792 861/1020/781 
f 861/1020/781 872/1032/792 873/1033/793 862/1021/782 
f 862/1021/782 873/1033/793 874/1034/794 863/1022/783 
f 863/1022/783 874/1034/794 875/1035/795 853/1011/773 
f 853/1011/773 875/1035/795 864/1023/784 852/1010/772 
f 864/1036/784 875/1037/795 451/1038/371 450/1039/370 
f 866/1040/786 865/1041/785 876/1042/796 877/1043/797 
f 878/1044/798 867/1045/787 866/1040/786 877/1043/797 
f 868/1046/788 867/1047/787 879/1048/799 880/1049/800 
f 881/1050/801 868/1046/788 880/1049/800 
f 869/1051/789 882/1052/802 883/1053/803 870/1054/790 
f 884/1055/804 871/1056/791 870/1054/790 885/1057/805 
f 886/1058/806 872/1059/792 871/1056/791 884/1055/804 
f 887/1060/807 873/1061/793 872/1059/792 886/1058/806 
f 874/1062/794 873/1061/793 887/1060/807 452/1063/372 
f 875/1037/795 874/1062/794 452/1063/372 451/1038/371 
f 384/1064/304 885/1057/805 888/1065/808 
f 381/451/301 379/449/299 886/1058/806 884/1055/804 
f 886/1058/806 379/449/299 375/445/295 887/1060/807 
f 887/1060/807 375/445/295 378/448/298 452/1063/372 
f 452/535/372 378/540/298 446/528/366 445/527/365 
f 883/1053/803 882/1052/802 683/826/603 680/819/600 
f 879/1048/799 594/714/514 596/718/516 880/1049/800 
f 681/822/601 682/823/602 881/1066/801 880/1067/800 
f 882/1052/802 881/1068/801 682/823/602 683/826/603 
f 593/713/513 594/714/514 879/1048/799 889/1069/809 
f 877/1043/797 517/1070/437 515/1071/435 878/1044/798 
f 876/1042/796 890/1072/810 519/1073/439 516/1074/436 
f 517/618/437 512/613/432 511/612/431 515/616/435 
f 455/1075/375 891/1076/811 453/1077/373 
f 892/1078/812 893/1079/813 894/1080/814 891/1076/811 
f 453/1077/373 891/1076/811 894/1080/814 895/1081/815 
f 454/537/374 896/1082/816 450/533/370 443/525/363 
f 895/1081/815 896/1082/816 454/537/374 453/536/373 
f 897/1083/817 898/1084/818 890/1085/810 896/1086/816 
f 895/1081/815 894/1080/814 897/1083/817 896/1082/816 
f 894/1080/814 893/1079/813 898/1084/818 897/1083/817 
f 519/1073/439 890/1072/810 898/1087/818 899/1088/819 
f 396/468/316 899/1088/819 898/1087/818 893/1089/813 
f 395/467/315 519/1090/439 899/1088/819 396/468/316 
f 889/1091/809 878/1044/798 515/1071/435 514/1092/434 
f 888/1065/808 679/818/599 385/456/305 384/455/304 
f 883/1053/803 680/819/600 679/818/599 888/1065/808 
f 900/1093/820 901/1094/821 902/1095/822 903/1096/823 
f 901/1094/821 904/1097/824 905/1098/825 902/1095/822 
f 904/1097/824 906/1099/826 907/1100/827 905/1098/825 
f 906/1099/826 908/1101/828 909/1102/829 907/1100/827 
f 908/1101/828 910/1103/830 911/1104/831 909/1102/829 
f 910/1103/830 912/1105/832 913/1106/833 911/1104/831 
f 912/1105/832 914/1107/834 915/1108/835 913/1106/833 
f 914/1107/834 916/1109/836 917/1110/837 915/1108/835 
f 916/1111/836 918/1112/838 919/1113/839 917/1114/837 
f 918/1112/838 920/1115/840 921/1116/841 919/1113/839 
f 920/1115/840 922/1117/842 923/1118/843 921/1116/841 
f 922/1117/842 924/1119/844 925/1120/845 923/1118/843 
f 924/1119/844 900/1093/820 903/1096/823 925/1120/845 
f 926/1121/846 927/1122/847 928/1123/848 
f 927/1122/847 929/1124/849 928/1125/848 
f 929/1124/849 930/1126/850 928/1127/848 
f 930/1126/850 931/1128/851 928/1129/848 
f 931/1128/851 932/1130/852 928/1131/848 
f 932/1130/852 933/1132/853 928/1133/848 
f 933/1132/853 934/1134/854 928/1135/848 
f 934/1134/854 935/1136/855 928/1137/848 
f 935/1138/855 936/1139/856 928/1140/848 
f 936/1139/856 937/1141/857 928/1142/848 
f 937/1141/857 938/1143/858 928/1144/848 
f 938/1143/858 939/1145/859 928/1146/848 
f 939/1145/859 926/1121/846 928/1147/848 
f 901/1094/821 900/1093/820 940/1148/848 941/1149/848 
f 904/1097/824 901/1094/821 941/1149/848 942/1150/848 
f 906/1099/826 904/1097/824 942/1150/848 943/1151/860 
f 908/1101/828 906/1099/826 943/1151/860 944/1152/860 
f 910/1103/830 908/1101/828 944/1152/860 945/1153/860 
f 912/1105/832 910/1103/830 945/1153/860 946/1154/861 
f 914/1107/834 912/1105/832 946/1154/861 947/1155/861 
f 916/1109/836 914/1107/834 947/1155/861 948/1156/861 
f 918/1112/838 916/1111/836 948/1157/861 949/1158/862 
f 920/1115/840 918/1112/838 949/1158/862 950/1159/862 
f 922/1117/842 920/1115/840 950/1159/862 951/1160/862 
f 924/1119/844 922/1117/842 951/1160/862 952/1161/848 
f 900/1093/820 924/1119/844 952/1161/848 940/1148/848 
f 953/1162/863 954/1163/864 955/1164/865 956/1165/866 
f 957/1166/867 953/1162/863 956/1165/866 958/1167/868 
f 959/1168/869 957/1166/867 958/1167/868 960/1169/870 
f 961/1170/871 959/1168/869 960/1169/870 962/1171/872 
f 963/1172/873 961/1170/871 962/1171/872 964/1173/874 
f 965/1174/875 963/1172/873 964/1173/874 966/1175/876 
f 967/1176/877 965/1174/875 966/1175/876 968/1177/878 
f 969/1178/879 967/1176/877 968/1177/878 970/1179/880 
f 971/1180/881 969/1181/879 970/1182/880 972/1183/882 
f 973/1184/883 971/1180/881 972/1183/882 974/1185/884 
f 975/1186/885 973/1184/883 974/1185/884 976/1187/886 
f 977/1188/887 975/1186/885 976/1187/886 978/1189/888 
f 954/1163/864 977/1188/887 978/1189/888 955/1164/865 
f 979/1190/889 980/1191/890 981/1192/891 
f 982/1193/892 979/1190/889 981/1194/891 
f 983/1195/893 982/1193/892 981/1196/891 
f 984/1197/894 983/1195/893 981/1198/891 
f 985/1199/895 984/1197/894 981/1200/891 
f 986/1201/896 985/1199/895 981/1202/891 
f 987/1203/897 986/1201/896 981/1204/891 
f 988/1205/898 987/1203/897 981/1206/891 
f 989/1207/899 988/1208/898 981/1209/891 
f 990/1210/900 989/1207/899 981/1211/891 
f 991/1212/901 990/1210/900 981/1213/891 
f 992/1214/902 991/1212/901 981/1215/891 
f 980/1191/890 992/1214/902 981/1216/891 
f 993/1217/829 994/1218/827 995/1219/903 996/1220/904 
f 997/1221/831 993/1217/829 996/1220/904 998/1222/905 
f 999/1223/906 997/1221/831 998/1222/905 1000/1224/907 
f 1001/1225/835 999/1223/906 1000/1224/907 1002/1226/908 
f 1003/1227/837 1001/1225/835 1002/1226/908 1004/1228/909 
f 1005/1229/839 1003/1230/837 1004/1231/909 1006/1232/910 
f 1007/1233/841 1005/1229/839 1006/1232/910 1008/1234/911 
f 1009/1235/843 1007/1233/841 1008/1234/911 1010/1236/912 
f 1011/1237/913 1009/1235/843 1010/1236/912 1012/1238/914 
f 1013/1239/823 1011/1237/913 1012/1238/914 1014/1240/915 
f 1015/1241/822 1013/1239/823 1014/1240/915 1016/1242/916 
f 1017/1243/825 1015/1241/822 1016/1242/916 1018/1244/917 
f 994/1218/827 1017/1243/825 1018/1244/917 995/1219/903 
f 1019/1245/827 1020/1246/825 1017/1243/825 994/1218/827 
f 1021/1247/829 1019/1245/827 994/1218/827 993/1217/829 
f 1022/1248/831 1021/1247/829 993/1217/829 997/1221/831 
f 1023/1249/906 1022/1248/831 997/1221/831 999/1223/906 
f 1024/1250/835 1023/1249/906 999/1223/906 1001/1225/835 
f 1025/1251/837 1024/1250/835 1001/1225/835 1003/1227/837 
f 1026/1252/918 1025/1253/837 1003/1230/837 1005/1229/839 
f 1027/1254/841 1026/1252/918 1005/1229/839 1007/1233/841 
f 1028/1255/919 1027/1254/841 1007/1233/841 1009/1235/843 
f 1029/1256/913 1028/1255/919 1009/1235/843 1011/1237/913 
f 1030/1257/823 1029/1256/913 1011/1237/913 1013/1239/823 
f 1031/1258/822 1030/1257/823 1013/1239/823 1015/1241/822 
f 1020/1246/825 1031/1258/822 1015/1241/822 1017/1243/825 
f 905/1098/825 907/1100/827 1032/1259/920 1033/1260/921 
f 902/1095/822 905/1098/825 1033/1260/921 1034/1261/922 
f 903/1096/823 902/1095/822 1034/1261/922 1035/1262/923 
f 925/1120/845 903/1096/823 1035/1262/923 1036/1263/924 
f 923/1118/843 925/1120/845 1036/1263/924 1037/1264/925 
f 921/1116/841 923/1118/843 1037/1264/925 1038/1265/926 
f 919/1113/839 921/1116/841 1038/1265/926 1039/1266/927 
f 917/1114/837 919/1113/839 1039/1266/927 1040/1267/928 
f 915/1108/835 917/1110/837 1040/1268/928 1041/1269/929 
f 913/1106/833 915/1108/835 1041/1269/929 1042/1270/930 
f 911/1104/831 913/1106/833 1042/1270/930 1043/1271/931 
f 909/1102/829 911/1104/831 1043/1271/931 1044/1272/932 
f 907/1100/827 909/1102/829 1044/1272/932 1032/1259/920 
f 944/1273/860 943/1274/860 959/1168/869 961/1170/871 
f 945/1275/860 944/1276/860 961/1170/871 963/1172/873 
f 946/1277/861 945/1278/860 963/1172/873 965/1174/875 
f 947/1279/861 946/1280/861 965/1174/875 967/1176/877 
f 948/1281/861 947/1282/861 967/1176/877 969/1178/879 
f 949/1283/862 948/1284/861 969/1181/879 971/1180/881 
f 950/1285/862 949/1286/862 971/1180/881 973/1184/883 
f 951/1287/862 950/1288/862 973/1184/883 975/1186/885 
f 952/1289/848 951/1290/862 975/1186/885 977/1188/887 
f 940/1291/848 952/1292/848 977/1188/887 954/1163/864 
f 941/1293/848 940/1294/848 954/1163/864 953/1162/863 
f 942/1295/848 941/1296/848 953/1162/863 957/1166/867 
f 943/1297/860 942/1298/848 957/1166/867 959/1168/869 
f 1032/1259/920 1044/1272/932 931/1128/851 930/1126/850 
f 1033/1260/921 1032/1259/920 930/1126/850 929/1124/849 
f 1034/1261/922 1033/1260/921 929/1124/849 927/1122/847 
f 1035/1262/923 1034/1261/922 927/1122/847 926/1121/846 
f 1036/1263/924 1035/1262/923 926/1121/846 939/1145/859 
f 1037/1264/925 1036/1263/924 939/1145/859 938/1143/858 
f 1038/1265/926 1037/1264/925 938/1143/858 937/1141/857 
f 1039/1266/927 1038/1265/926 937/1141/857 936/1139/856 
f 1040/1267/928 1039/1266/927 936/1139/856 935/1138/855 
f 1041/1269/929 1040/1268/928 935/1136/855 934/1134/854 
f 1042/1270/930 1041/1269/929 934/1134/854 933/1132/853 
f 1043/1271/931 1042/1270/930 933/1132/853 932/1130/852 
f 1044/1272/932 1043/1271/931 932/1130/852 931/1128/851 
f 976/1187/886 974/1185/884 1027/1254/841 1028/1255/919 
f 978/1189/888 976/1187/886 1028/1255/919 1029/1256/913 
f 955/1164/865 978/1189/888 1029/1256/913 1030/1257/823 
f 956/1165/866 955/1164/865 1030/1257/823 1031/1258/822 
f 958/1167/868 956/1165/866 1031/1258/822 1020/1246/825 
f 960/1169/870 958/1167/868 1020/1246/825 1019/1245/827 
f 962/1171/872 960/1169/870 1019/1245/827 1021/1247/829 
f 964/1173/874 962/1171/872 1021/1247/829 1022/1248/831 
f 966/1175/876 964/1173/874 1022/1248/831 1023/1249/906 
f 968/1177/878 966/1175/876 1023/1249/906 1024/1250/835 
f 970/1179/880 968/1177/878 1024/1250/835 1025/1251/837 
f 972/1183/882 970/1182/880 1025/1253/837 1026/1252/918 
f 974/1185/884 972/1183/882 1026/1252/918 1027/1254/841 
f 1010/1236/912 1008/1234/911 990/1210/900 991/1212/901 
f 1012/1238/914 1010/1236/912 991/1212/901 992/1214/902 
f 1014/1240/915 1012/1238/914 992/1214/902 980/1191/890 
f 1016/1242/916 1014/1240/915 980/1191/890 979/1190/889 
f 1018/1244/917 1016/1242/916 979/1190/889 982/1193/892 
f 995/1219/903 1018/1244/917 982/1193/892 983/1195/893 
f 996/1220/904 995/1219/903 983/1195/893 984/1197/894 
f 998/1222/905 996/1220/904 984/1197/894 985/1199/895 
f 1000/1224/907 998/1222/905 985/1199/895 986/1201/896 
f 1002/1226/908 1000/1224/907 986/1201/896 987/1203/897 
f 1004/1228/909 1002/1226/908 987/1203/897 988/1205/898 
f 1006/1232/910 1004/1231/909 988/1208/898 989/1207/899 
f 1008/1234/911 1006/1232/910 989/1207/899 990/1210/900 
f 1045/1299/933 1046/1300/934 1047/1301/935 1048/1302/936 
f 1046/1300/934 1049/1303/937 1050/1304/938 1047/1301/935 
f 1049/1303/937 1051/1305/939 1052/1306/940 1050/1304/938 
f 295/337/208 1053/1307/941 1054/1308/942 296/338/209 
f 1053/1307/941 1045/1309/933 1055/1310/943 1054/1308/942 
f 1051/1305/939 1056/1311/944 1057/1312/945 1058/1313/945 
f 1059/1314/946 294/1315/207 1060/1316/947 1061/1317/947 
f 1062/1318/948 1063/1319/949 1064/1320/950 1065/1321/951 
f 1063/1319/949 1066/1322/952 1067/1323/953 1064/1320/950 
f 1066/1322/952 1055/1324/943 1068/1325/954 1067/1323/953 
f 297/1326/210 1069/1327/955 1070/1328/956 1060/1329/956 
f 1071/1330/957 1062/1318/948 1072/1331/958 1073/1332/958 
f 1074/1333/959 1052/1306/940 1075/1334/960 1076/1335/960 
f 1048/1336/936 1077/1337/961 1078/1338/962 1068/1339/954 
f 1077/1337/961 1079/1340/963 1080/1341/964 1078/1338/962 
f 1079/1340/963 1081/1342/965 1082/1343/966 1080/1341/964 
f 1065/1321/951 1083/1344/967 1084/1345/968 1085/1346/968 
f 1086/1347/969 1082/1348/966 1087/1349/970 1088/1350/970 
f 1058/1351/971 1089/1352/971 1090/1353/971 1075/1354/971 
f 1091/1355/972 1072/1331/972 1085/1346/972 1092/1356/972 
f 1048/1336/936 1068/1339/954 1055/1310/943 1045/1309/933 
f 1056/1311/944 1051/1305/939 1049/1303/937 1093/1357/973 
f 1093/1357/973 1049/1303/937 1046/1300/934 1094/1358/974 
f 1046/1300/934 1045/1299/933 1053/1359/941 1094/1358/974 
f 1094/1360/974 1053/1361/941 295/1362/208 1095/1363/975 
f 295/1362/208 294/1315/207 1059/1314/946 1095/1363/975 
f 1095/1363/975 1059/1314/946 1056/1311/944 1093/1357/973 
f 1093/1357/973 1094/1360/974 1095/1363/975 
f 1054/1364/942 1055/1324/943 1066/1322/952 1096/1365/976 
f 1096/1365/976 1066/1322/952 1063/1319/949 1097/1366/977 
f 1063/1319/949 1062/1318/948 1071/1330/957 1097/1366/977 
f 1097/1366/977 1071/1330/957 1069/1327/955 1098/1367/978 
f 1069/1327/955 297/1326/210 296/1368/209 1098/1367/978 
f 1098/1367/978 296/1368/209 1054/1369/942 1096/1370/976 
f 1096/1370/976 1097/1366/977 1098/1367/978 
f 1077/1371/961 1048/1302/936 1047/1301/935 1099/1372/979 
f 1099/1372/979 1047/1301/935 1050/1304/938 1100/1373/980 
f 1050/1304/938 1052/1306/940 1074/1333/959 1100/1373/980 
f 1100/1373/980 1074/1333/959 1101/1374/981 1102/1375/982 
f 1101/1374/981 1081/1376/965 1079/1377/963 1102/1375/982 
f 1102/1375/982 1079/1377/963 1077/1378/961 1099/1379/979 
f 1099/1379/979 1100/1373/980 1102/1375/982 
f 1083/1344/967 1065/1321/951 1064/1320/950 1103/1380/983 
f 1103/1380/983 1064/1320/950 1067/1323/953 1104/1381/984 
f 1067/1323/953 1068/1325/954 1078/1382/962 1104/1381/984 
f 1104/1383/984 1078/1384/962 1080/1385/964 1105/1386/985 
f 1080/1385/964 1082/1348/966 1086/1347/969 1105/1386/985 
f 1105/1386/985 1086/1347/969 1083/1344/967 1103/1380/983 
f 1103/1380/983 1104/1383/984 1105/1386/985 
f 1106/1387/986 1057/1388/986 1061/1389/986 1107/1390/986 
f 1107/1390/987 1070/1328/987 1073/1332/987 1108/1391/987 
f 1109/1392/988 1084/1345/988 1088/1350/988 1110/1393/988 
f 1076/1394/989 1075/1354/989 1090/1353/989 1111/1395/989 
f 616/742/536 614/1396/534 620/750/540 
f 609/732/529 608/731/528 612/1397/532 
f 514/719/434 513/620/433 518/619/438 
f 889/1091/809 514/1092/434 593/1398/513 
f 517/1070/437 877/1043/797 876/1042/796 516/1074/436 
f 882/1052/802 869/1051/789 868/1399/788 881/1068/801 
f 889/1069/809 879/1048/799 867/1047/787 
f 889/1091/809 867/1045/787 878/1044/798 
f 880/1400/800 596/1401/516 597/820/517 681/824/601 
f 890/1072/810 876/1042/796 865/1041/785 864/1402/784 
f 896/1086/816 890/1085/810 864/1403/784 450/1404/370 
f 386/457/306 392/464/312 396/468/316 893/1089/813 
f 892/1078/812 891/1076/811 455/1405/375 377/1406/297 
f 892/1407/812 377/447/297 386/457/306 893/1089/813 
f 395/623/315 503/607/423 510/606/430 516/617/436 
f 384/1408/304 382/452/302 381/451/301 
f 381/451/301 884/1055/804 885/1057/805 384/1409/304 
f 885/1057/805 870/1054/790 883/1053/803 888/1065/808 
f 1112/1410/990 1113/1411/991 1114/1412/992 1115/1413/993 
f 1116/1414/994 1112/1410/990 1115/1413/993 1117/1415/995 
f 1118/1416/996 1116/1414/994 1117/1415/995 1119/1417/997 
f 1120/1418/998 1121/1419/999 1122/1420/1000 1119/1421/997 
f 1123/1422/1001 1124/1423/1002 1115/1413/993 1114/1412/992 
f 1124/1423/1002 1125/1424/1003 1117/1415/995 1115/1413/993 
f 1125/1424/1003 1126/1425/1004 1119/1417/997 1117/1415/995 
f 1119/1417/997 1126/1425/1004 1127/1426/1005 1120/1427/998 
f 1124/1423/1002 1123/1422/1001 1128/1428/1006 1129/1429/1007 
f 1130/1430/1008 1131/1431/1009 1129/1429/1007 1128/1428/1006 
f 1130/1430/1008 1128/1428/1006 1132/1432/1010 1133/1433/1011 
f 1125/1424/1003 1124/1423/1002 1129/1429/1007 1134/1434/1012 
f 1135/1435/1013 1136/1436/1014 1134/1434/1012 1129/1429/1007 1131/1431/1009 
f 1126/1425/1004 1125/1424/1003 1134/1434/1012 1137/1437/1015 
f 1136/1436/1014 1138/1438/1016 1137/1437/1015 1134/1434/1012 
f 1139/1439/1017 1127/1426/1005 1126/1425/1004 1137/1437/1015 
f 1139/1439/1017 1137/1437/1015 1138/1438/1016 1140/1440/1018 
f 1141/476/1019 1142/479/1020 1143/478/1021 1144/477/1022 
f 1145/480/1023 1146/481/1024 1141/476/1019 1144/477/1022 
f 1147/482/1025 1148/483/1026 1142/479/1020 1141/476/1019 
f 1147/482/1025 1141/476/1019 1146/481/1024 1149/484/1027 
f 1146/485/1024 1145/488/1023 1150/487/1028 1151/486/1029 
f 1145/488/1023 1152/489/1030 1150/487/1028 
f 1153/490/1031 1149/484/1027 1146/485/1024 1151/486/1029 
f 1154/491/1032 1155/494/1033 1151/493/1029 1150/492/1028 
f 1156/495/1034 1154/491/1032 1150/492/1028 1152/496/1030 
f 1151/493/1029 1155/494/1033 1157/498/1035 1153/497/1031 
f 1153/490/1031 1157/499/1035 1147/482/1025 1149/484/1027 
f 1144/477/1022 1143/478/1021 1158/500/1036 1156/495/1034 
f 1145/480/1023 1144/477/1022 1156/495/1034 1152/496/1030 
f 1143/478/1021 1159/502/1037 1160/501/1038 1158/500/1036 
f 1142/479/1020 1161/503/1039 1159/502/1037 1143/478/1021 
f 1148/483/1026 1162/504/1040 1161/503/1039 1142/479/1020 
f 1155/494/1033 1154/491/1032 1163/506/1041 1164/505/1042 
f 1154/491/1032 1156/495/1034 1158/500/1036 1163/506/1041 
f 1157/498/1035 1155/494/1033 1164/505/1042 1165/507/1043 
f 1147/482/1025 1157/499/1035 1165/508/1043 1148/483/1026 
f 1159/502/1037 1166/510/1044 1167/509/1045 1160/501/1038 
f 1161/503/1039 1168/511/1046 1166/510/1044 1159/502/1037 
f 1162/504/1040 1169/512/1047 1168/511/1046 1161/503/1039 
f 1164/505/1042 1163/506/1041 1170/514/1048 1171/513/1049 
f 1163/506/1041 1158/500/1036 1160/501/1038 1170/514/1048 
f 1165/507/1043 1164/505/1042 1171/513/1049 1172/515/1050 
f 1148/483/1026 1165/508/1043 1172/516/1050 1162/504/1040 
f 1166/510/1044 1173/518/1051 1174/517/1052 1167/509/1045 
f 1168/511/1046 1175/519/1053 1173/518/1051 1166/510/1044 
f 1169/512/1047 1176/520/1054 1175/519/1053 1168/511/1046 
f 1171/513/1049 1170/514/1048 1177/522/1055 1178/521/1056 
f 1170/514/1048 1160/501/1038 1167/509/1045 1177/522/1055 
f 1172/515/1050 1171/513/1049 1178/521/1056 1179/523/1057 
f 1162/504/1040 1172/516/1050 1179/524/1057 1169/512/1047 
f 1173/518/1051 1180/526/1058 1181/525/1059 1174/517/1052 
f 1175/519/1053 1182/527/1060 1180/526/1058 1173/518/1051 
f 1176/520/1054 1183/528/1061 1182/527/1060 1175/519/1053 
f 1178/521/1056 1177/522/1055 1184/530/1062 1185/529/1063 
f 1177/522/1055 1167/509/1045 1174/517/1052 1184/530/1062 
f 1179/523/1057 1178/521/1056 1185/529/1063 1186/531/1064 
f 1169/512/1047 1179/524/1057 1186/532/1064 1176/520/1054 
f 1180/526/1058 1187/534/1065 1188/533/1066 1181/525/1059 
f 1182/527/1060 1189/535/1067 1187/534/1065 1180/526/1058 
f 1185/529/1063 1184/530/1062 1190/537/1068 1191/536/1069 
f 1184/530/1062 1174/517/1052 1181/525/1059 1190/537/1068 
f 1186/531/1064 1185/529/1063 1191/536/1069 1192/538/1070 
f 1176/520/1054 1186/532/1064 1192/539/1070 1183/528/1061 
f 1113/540/991 1183/528/1061 1192/539/1070 1114/541/992 
f 1193/542/1071 1194/545/1072 1195/544/1073 1196/543/1074 
f 1197/546/1075 1198/547/1076 1193/542/1071 1196/543/1074 
f 1197/546/1075 1196/543/1074 1199/549/1077 1200/548/1078 
f 1196/543/1074 1195/544/1073 1201/550/1079 1199/549/1077 
f 1202/551/1080 1203/552/1081 1194/545/1072 1193/542/1071 
f 1202/551/1080 1193/542/1071 1198/547/1076 1204/553/1082 
f 1198/547/1076 1197/546/1075 1205/555/1083 1206/554/1084 
f 1207/556/1085 1208/557/1086 1206/554/1084 1205/555/1083 
f 1207/556/1085 1205/555/1083 1209/558/1087 
f 1197/546/1075 1200/548/1078 1209/558/1087 1205/555/1083 
f 1210/559/1088 1204/553/1082 1198/547/1076 1206/554/1084 
f 1210/559/1088 1206/554/1084 1208/557/1086 
f 1211/560/1089 1212/563/1090 1208/562/1086 1207/561/1085 
f 1212/563/1090 1213/565/1091 1210/564/1088 1208/562/1086 
f 1210/564/1088 1213/565/1091 1202/551/1080 1204/553/1082 
f 1199/566/1077 1201/569/1079 1214/568/1092 1215/567/1093 
f 1200/570/1078 1199/566/1077 1215/567/1093 1209/571/1087 
f 1211/560/1089 1207/561/1085 1209/571/1087 1215/567/1093 
f 1195/544/1073 1216/573/1094 1217/572/1095 1201/550/1079 
f 1194/545/1072 1218/574/1096 1216/573/1094 1195/544/1073 
f 1203/552/1081 1219/575/1097 1218/574/1096 1194/545/1072 
f 1212/563/1090 1211/560/1089 1220/577/1098 1221/576/1099 
f 1213/565/1091 1212/563/1090 1221/576/1099 1222/578/1100 
f 1211/560/1089 1215/567/1093 1214/568/1092 1220/577/1098 
f 1202/551/1080 1213/565/1091 1222/578/1100 1203/552/1081 
f 1201/569/1079 1217/580/1095 1223/579/1101 1214/568/1092 
f 1216/573/1094 1224/582/1102 1225/581/1103 1217/572/1095 
f 1218/574/1096 1226/583/1104 1224/582/1102 1216/573/1094 
f 1219/575/1097 1227/584/1105 1226/583/1104 1218/574/1096 
f 1221/576/1099 1220/577/1098 1228/586/1106 1229/585/1107 
f 1222/578/1100 1221/576/1099 1229/585/1107 1230/587/1108 
f 1220/577/1098 1214/568/1092 1223/579/1101 1228/586/1106 
f 1203/552/1081 1222/578/1100 1230/587/1108 1219/575/1097 
f 1217/580/1095 1225/589/1103 1231/588/1109 1223/579/1101 
f 1224/582/1102 1232/591/1110 1233/590/1111 1225/581/1103 
f 1226/583/1104 1234/592/1112 1232/591/1110 1224/582/1102 
f 1227/584/1105 1235/593/1113 1234/592/1112 1226/583/1104 
f 1229/585/1107 1228/586/1106 1236/595/1114 1237/594/1115 
f 1230/587/1108 1229/585/1107 1237/594/1115 1238/596/1116 
f 1228/586/1106 1223/579/1101 1231/588/1109 1236/595/1114 
f 1219/575/1097 1230/587/1108 1238/596/1116 1227/584/1105 
f 1225/589/1103 1233/598/1111 1239/597/1117 1231/588/1109 
f 1232/591/1110 1240/600/1118 1241/599/1119 1233/590/1111 
f 1234/592/1112 1242/601/1120 1240/600/1118 1232/591/1110 
f 1235/593/1113 1243/602/1121 1242/601/1120 1234/592/1112 
f 1237/594/1115 1236/595/1114 1244/604/1122 1245/603/1123 
f 1238/596/1116 1237/594/1115 1245/603/1123 1246/605/1124 
f 1236/595/1114 1231/588/1109 1239/597/1117 1244/604/1122 
f 1227/584/1105 1238/596/1116 1246/605/1124 1235/593/1113 
f 1233/598/1111 1241/607/1119 1247/606/1125 1239/597/1117 
f 1241/599/1119 1240/600/1118 1130/609/1008 1133/608/1011 
f 1130/609/1008 1240/600/1118 1242/601/1120 1131/610/1009 
f 1131/610/1009 1242/601/1120 1243/602/1121 1135/611/1013 
f 1245/603/1123 1244/604/1122 1248/613/1126 1249/612/1127 
f 1246/605/1124 1245/603/1123 1249/612/1127 1250/614/1128 
f 1251/615/1129 1250/614/1128 1249/612/1127 1252/616/1130 
f 1244/604/1122 1239/597/1117 1247/606/1125 1248/613/1126 
f 1253/617/1131 1254/618/1132 1248/613/1126 1247/606/1125 
f 1235/593/1113 1246/605/1124 1250/614/1128 1243/602/1121 
f 1255/619/1133 1135/622/1013 1243/621/1121 1250/620/1128 
f 1133/623/1011 1256/624/1134 1253/617/1131 
f 1257/625/1135 1258/628/1136 1259/627/1137 1260/626/1138 
f 1261/629/1139 1262/630/1140 1258/628/1136 1257/625/1135 
f 1261/629/1139 1257/625/1135 1263/632/1141 1264/631/1142 
f 1263/632/1141 1257/625/1135 1260/626/1138 1265/633/1143 
f 1259/627/1137 1258/628/1136 1266/635/1144 1267/634/1145 
f 1266/635/1144 1258/628/1136 1262/630/1140 1268/636/1146 
f 1262/630/1140 1261/629/1139 1269/638/1147 1270/637/1148 
f 1271/639/1149 1272/640/1150 1270/637/1148 1269/638/1147 
f 1271/639/1149 1269/638/1147 1273/642/1151 1274/641/1152 
f 1261/629/1139 1264/631/1142 1273/642/1151 1269/638/1147 
f 1275/643/1153 1268/636/1146 1262/630/1140 1270/637/1148 
f 1275/643/1153 1270/637/1148 1272/640/1150 
f 1276/644/1154 1277/647/1155 1272/646/1150 1271/645/1149 
f 1278/648/1156 1279/649/1157 1277/647/1155 1276/644/1154 
f 1278/648/1156 1276/644/1154 1280/651/1158 1281/650/1159 
f 1280/651/1158 1276/644/1154 1271/645/1149 1274/652/1152 
f 1277/647/1155 1282/654/1160 1275/653/1153 1272/646/1150 
f 1279/649/1157 1283/655/1161 1282/654/1160 1277/647/1155 
f 1282/654/1160 1283/655/1161 1267/634/1145 1266/635/1144 
f 1275/653/1153 1282/654/1160 1266/635/1144 1268/636/1146 
f 1284/656/1162 1263/632/1141 1265/633/1143 1285/657/1163 
f 1264/631/1142 1263/632/1141 1284/656/1162 1273/658/1151 
f 1273/658/1151 1284/656/1162 1280/660/1158 1274/659/1152 
f 1280/660/1158 1284/656/1162 1285/657/1163 1281/661/1159 
f 1260/626/1138 1286/663/1164 1287/662/1165 1265/633/1143 
f 1286/663/1164 1288/665/1166 1289/664/1167 1287/662/1165 
f 1286/663/1164 1260/626/1138 1259/627/1137 1290/666/1168 
f 1290/666/1168 1291/667/1169 1288/665/1166 1286/663/1164 
f 1292/668/1170 1293/669/1171 1291/667/1169 1290/666/1168 
f 1292/668/1170 1290/666/1168 1259/627/1137 1267/634/1145 
f 1294/670/1172 1295/671/1173 1279/649/1157 1278/648/1156 
f 1296/672/1174 1294/670/1172 1278/648/1156 1281/650/1159 
f 1295/671/1173 1297/673/1175 1283/655/1161 1279/649/1157 
f 1285/657/1163 1298/675/1176 1296/674/1174 1281/661/1159 
f 1298/675/1176 1299/677/1177 1300/676/1178 1296/674/1174 
f 1297/673/1175 1292/668/1170 1267/634/1145 1283/655/1161 
f 1298/675/1176 1285/657/1163 1265/633/1143 1287/662/1165 
f 1287/662/1165 1289/664/1167 1299/677/1177 1298/675/1176 
f 1288/665/1166 1301/679/1179 1302/678/1180 1289/664/1167 
f 1291/667/1169 1303/680/1181 1301/679/1179 1288/665/1166 
f 1293/669/1171 1304/681/1182 1303/680/1181 1291/667/1169 
f 1295/671/1173 1294/670/1172 1305/683/1183 1306/682/1184 
f 1294/670/1172 1296/672/1174 1300/684/1178 1305/683/1183 
f 1297/673/1175 1295/671/1173 1306/682/1184 1307/685/1185 
f 1299/677/1177 1308/687/1186 1309/686/1187 1300/676/1178 
f 1292/668/1170 1297/673/1175 1307/685/1185 1293/669/1171 
f 1289/664/1167 1302/678/1180 1308/687/1186 1299/677/1177 
f 1301/679/1179 1310/689/1188 1311/688/1189 1302/678/1180 
f 1303/680/1181 1312/690/1190 1310/689/1188 1301/679/1179 
f 1304/681/1182 1313/691/1191 1312/690/1190 1303/680/1181 
f 1306/682/1184 1305/683/1183 1314/693/1192 1315/692/1193 
f 1305/683/1183 1300/684/1178 1309/694/1187 1314/693/1192 
f 1307/685/1185 1306/682/1184 1315/692/1193 1316/695/1194 
f 1308/687/1186 1317/697/1195 1318/696/1196 1309/686/1187 
f 1293/669/1171 1307/685/1185 1316/695/1194 1304/681/1182 
f 1302/678/1180 1311/688/1189 1317/697/1195 1308/687/1186 
f 1310/689/1188 1319/699/1197 1320/698/1198 1311/688/1189 
f 1312/690/1190 1321/700/1199 1319/699/1197 1310/689/1188 
f 1313/691/1191 1322/701/1200 1321/700/1199 1312/690/1190 
f 1315/692/1193 1314/693/1192 1323/703/1201 1324/702/1202 
f 1314/693/1192 1309/694/1187 1318/704/1196 1323/703/1201 
f 1316/695/1194 1315/692/1193 1324/702/1202 1325/705/1203 
f 1317/697/1195 1326/707/1204 1327/706/1205 1318/696/1196 
f 1304/681/1182 1316/695/1194 1325/705/1203 1313/691/1191 
f 1311/688/1189 1320/698/1198 1326/707/1204 1317/697/1195 
f 1320/698/1198 1319/699/1197 1136/708/1014 1135/622/1013 
f 1136/708/1014 1319/699/1197 1321/700/1199 1138/709/1016 
f 1138/709/1016 1321/700/1199 1322/701/1200 1140/710/1018 
f 1324/702/1202 1323/703/1201 1328/712/1206 1329/711/1207 
f 1330/713/1208 1331/714/1209 1329/711/1207 1328/712/1206 
f 1330/713/1208 1328/712/1206 1327/716/1205 1251/715/1129 
f 1323/703/1201 1318/704/1196 1327/716/1205 1328/712/1206 
f 1325/705/1203 1324/702/1202 1329/711/1207 1332/717/1210 
f 1331/714/1209 1333/718/1211 1332/717/1210 1329/711/1207 
f 1327/706/1205 1326/707/1204 1255/619/1133 1251/719/1129 
f 1313/691/1191 1325/705/1203 1332/717/1210 1322/701/1200 
f 1334/720/1212 1140/710/1018 1322/701/1200 1332/717/1210 1333/718/1211 
f 1255/619/1133 1326/707/1204 1320/698/1198 1135/622/1013 
f 1335/1441/1213 1336/1442/1214 1337/1443/1215 1338/1444/1216 
f 1339/1445/1217 1340/1446/1218 1338/1444/1216 1337/1443/1215 
f 1341/1447/1219 1342/1448/1220 1343/1449/1221 1344/1450/1222 
f 1343/1449/1221 1342/1448/1220 1345/1451/1223 1346/1452/1224 
f 1345/1451/1223 1342/1448/1220 1338/1444/1216 1340/1446/1218 
f 1338/1444/1216 1342/1448/1220 1341/1447/1219 1335/1441/1213 
f 1339/1445/1217 1347/1453/1225 1348/1454/1226 1340/1455/1218 
f 1349/1456/1227 1350/1457/1228 1346/1452/1224 
f 1348/1454/1226 1349/1458/1227 1345/1459/1223 1340/1455/1218 
f 1348/1454/1226 1347/1453/1225 1351/1460/1229 1352/1461/1230 
f 1353/1462/1231 1352/1463/1230 1351/1460/1229 
f 1354/1464/1232 1350/1457/1228 1349/1465/1227 1355/1466/1233 
f 1354/1464/1232 1355/1467/1233 1356/1468/1234 
f 1356/1469/1234 1355/1470/1233 1352/1471/1230 1357/1472/1235 
f 1349/1458/1227 1348/1454/1226 1352/1461/1230 1355/1473/1233 
f 1353/1462/1231 1358/1474/1236 1359/1475/1237 1357/1472/1235 
f 1360/1476/1238 1361/1477/1239 1359/1475/1237 1358/1474/1236 
f 1362/1478/1240 1363/1479/1241 1354/1464/1232 1356/1468/1234 
f 1364/1480/1242 1365/1481/1243 1363/1479/1241 1362/1478/1240 
f 1364/1482/1242 1362/1483/1240 1359/1475/1237 1361/1477/1239 
f 1359/1475/1237 1362/1483/1240 1356/1469/1234 1357/1472/1235 
f 1363/1479/1241 1365/1481/1243 1366/1484/1244 1367/1485/1245 
f 1354/1464/1232 1363/1479/1241 1367/1485/1245 1350/1457/1228 
f 1350/1457/1228 1367/1485/1245 1343/1449/1221 1346/1452/1224 
f 1343/1449/1221 1367/1485/1245 1366/1484/1244 1344/1450/1222 
f 1368/1486/1246 1369/1487/1247 1370/1488/1248 1371/1489/1249 
f 1347/1453/1225 1369/1487/1247 1368/1486/1246 1351/1460/1229 
f 1351/1460/1229 1368/1486/1246 1358/1474/1236 1353/1462/1231 
f 1358/1474/1236 1368/1486/1246 1371/1489/1249 1360/1476/1238 
f 1370/1488/1248 1369/1487/1247 1337/1443/1215 1336/1442/1214 
f 1337/1443/1215 1369/1487/1247 1347/1453/1225 1339/1445/1217 
f 1372/1490/1250 1373/1491/1251 1336/1442/1214 1335/1441/1213 
f 1335/1441/1213 1341/1447/1219 1374/1492/1252 1372/1490/1250 
f 1344/1450/1222 1375/1493/1253 1374/1492/1252 1341/1447/1219 
f 1376/1494/1254 1377/1495/1255 1361/1477/1239 1360/1476/1238 
f 1378/1496/1256 1379/1497/1257 1365/1481/1243 1364/1480/1242 
f 1377/1495/1255 1378/1498/1256 1364/1482/1242 1361/1477/1239 
f 1360/1476/1238 1371/1489/1249 1380/1499/1258 1376/1494/1254 
f 1379/1497/1257 1381/1500/1259 1366/1484/1244 1365/1481/1243 
f 1382/1501/1260 1380/1499/1258 1371/1489/1249 1370/1488/1248 
f 1373/1491/1251 1382/1501/1260 1370/1488/1248 1336/1442/1214 
f 1344/1450/1222 1366/1484/1244 1381/1500/1259 1375/1493/1253 
f 1383/1502/1261 1384/1503/1262 1373/1491/1251 1372/1490/1250 
f 1372/1490/1250 1374/1492/1252 1385/1504/1263 1383/1502/1261 
f 1375/1493/1253 1386/1505/1264 1385/1504/1263 1374/1492/1252 
f 1387/1506/1265 1388/1507/1266 1377/1495/1255 1376/1494/1254 
f 1389/1508/1267 1390/1509/1268 1379/1497/1257 1378/1496/1256 
f 1388/1507/1266 1389/1510/1267 1378/1498/1256 1377/1495/1255 
f 1376/1494/1254 1380/1499/1258 1391/1511/1269 1387/1506/1265 
f 1390/1509/1268 1392/1512/1270 1381/1500/1259 1379/1497/1257 
f 1393/1513/1271 1391/1511/1269 1380/1499/1258 1382/1501/1260 
f 1384/1503/1262 1393/1513/1271 1382/1501/1260 1373/1491/1251 
f 1375/1493/1253 1381/1500/1259 1392/1512/1270 1386/1505/1264 
f 1394/1514/1272 1395/1515/1273 1384/1503/1262 1383/1502/1261 
f 1383/1502/1261 1385/1504/1263 1396/1516/1274 1394/1514/1272 
f 1386/1505/1264 1397/1517/1275 1396/1516/1274 1385/1504/1263 
f 1398/1518/1276 1399/1519/1277 1388/1507/1266 1387/1506/1265 
f 1400/1520/1278 1401/1521/1279 1390/1509/1268 1389/1508/1267 
f 1399/1519/1277 1400/1522/1278 1389/1510/1267 1388/1507/1266 
f 1387/1506/1265 1391/1511/1269 1402/1523/1280 1398/1518/1276 
f 1401/1521/1279 1403/1524/1281 1392/1512/1270 1390/1509/1268 
f 1404/1525/1282 1402/1523/1280 1391/1511/1269 1393/1513/1271 
f 1395/1515/1273 1404/1525/1282 1393/1513/1271 1384/1503/1262 
f 1386/1505/1264 1392/1512/1270 1403/1524/1281 1397/1517/1275 
f 1405/1526/1283 1406/1527/1284 1395/1515/1273 1394/1514/1272 
f 1394/1514/1272 1396/1516/1274 1407/1528/1285 1405/1526/1283 
f 1397/1517/1275 1408/1529/1286 1407/1528/1285 1396/1516/1274 
f 1409/1530/1287 1410/1531/1288 1399/1519/1277 1398/1518/1276 
f 1411/1532/1289 1412/1533/1290 1401/1521/1279 1400/1520/1278 
f 1410/1531/1288 1411/1534/1289 1400/1522/1278 1399/1519/1277 
f 1398/1518/1276 1402/1523/1280 1413/1535/1291 1409/1530/1287 
f 1412/1533/1290 1414/1536/1292 1403/1524/1281 1401/1521/1279 
f 1415/1537/1293 1413/1535/1291 1402/1523/1280 1404/1525/1282 
f 1406/1527/1284 1415/1537/1293 1404/1525/1282 1395/1515/1273 
f 1397/1517/1275 1403/1524/1281 1414/1536/1292 1408/1529/1286 
f 1121/1419/999 1120/1418/998 1406/1527/1284 1405/1526/1283 
f 1405/1526/1283 1407/1528/1285 1416/1538/1294 1121/1419/999 
f 1408/1529/1286 1417/1539/1295 1416/1538/1294 1407/1528/1285 
f 1334/1540/1212 1410/1531/1288 1409/1530/1287 1140/1541/1018 
f 1418/1542/1296 1419/1543/1297 1412/1533/1290 1411/1532/1289 
f 1334/1540/1212 1418/1544/1296 1411/1534/1289 1410/1531/1288 
f 1409/1530/1287 1413/1535/1291 1139/1545/1017 1140/1541/1018 
f 1419/1543/1297 1420/1546/1298 1414/1536/1292 1412/1533/1290 
f 1139/1545/1017 1413/1535/1291 1415/1537/1293 1127/1547/1005 
f 1120/1418/998 1127/1547/1005 1415/1537/1293 1406/1527/1284 
f 1408/1529/1286 1414/1536/1292 1420/1546/1298 1417/1539/1295 
f 1421/828/1299 1422/831/1300 1423/830/1301 1424/829/1302 
f 1425/832/1303 1422/831/1300 1421/828/1299 1426/833/1304 
f 1422/831/1300 1427/835/1305 1428/834/1306 1423/830/1301 
f 1429/836/1307 1427/835/1305 1422/831/1300 1425/832/1303 
f 1427/835/1305 1430/838/1308 1431/837/1309 1428/834/1306 
f 1432/839/1310 1430/838/1308 1427/835/1305 1429/836/1307 
f 1430/838/1308 1433/841/1311 1434/840/1312 1431/837/1309 
f 1435/842/1313 1433/841/1311 1430/838/1308 1432/839/1310 
f 1433/841/1311 1436/844/1314 1437/843/1315 1434/840/1312 
f 1438/845/1316 1436/844/1314 1433/841/1311 1435/842/1313 
f 1436/844/1314 1439/847/1317 1440/846/1318 1437/843/1315 
f 1441/848/1319 1439/847/1317 1436/844/1314 1438/845/1316 
f 1439/849/1317 1442/852/1320 1443/851/1321 1440/850/1318 
f 1444/853/1322 1442/852/1320 1439/849/1317 1441/854/1319 
f 1442/852/1320 1445/856/1323 1446/855/1324 1443/851/1321 
f 1447/857/1325 1445/856/1323 1442/852/1320 1444/853/1322 
f 1445/856/1323 1448/859/1326 1449/858/1327 1446/855/1324 
f 1450/860/1328 1448/859/1326 1445/856/1323 1447/857/1325 
f 1448/859/1326 1451/862/1329 1452/861/1330 1449/858/1327 
f 1453/863/1331 1451/862/1329 1448/859/1326 1450/860/1328 
f 1451/862/1329 1454/865/1332 1455/864/1333 1452/861/1330 
f 1456/866/1334 1454/865/1332 1451/862/1329 1453/863/1331 
f 1426/833/1304 1421/828/1299 1454/865/1332 1456/866/1334 
f 1424/829/1302 1455/864/1333 1454/865/1332 1421/828/1299 
f 1457/867/1335 1458/870/1336 1459/869/1337 1460/868/1338 
f 1460/868/1338 1424/829/1302 1423/830/1301 1461/871/1339 
f 1462/872/1340 1457/867/1335 1460/868/1338 1461/871/1339 
f 1461/871/1339 1423/830/1301 1428/834/1306 1463/873/1341 
f 1464/874/1342 1462/872/1340 1461/871/1339 1463/873/1341 
f 1463/873/1341 1428/834/1306 1431/837/1309 1465/875/1343 
f 1466/876/1344 1464/874/1342 1463/873/1341 1465/875/1343 
f 1465/875/1343 1431/837/1309 1434/840/1312 1467/877/1345 
f 1468/878/1346 1466/876/1344 1465/875/1343 1467/877/1345 
f 1467/877/1345 1434/840/1312 1437/843/1315 1469/879/1347 
f 1470/880/1348 1468/878/1346 1467/877/1345 1469/879/1347 
f 1469/879/1347 1437/843/1315 1440/846/1318 1471/881/1349 
f 1472/882/1350 1470/880/1348 1469/879/1347 1471/881/1349 
f 1471/883/1349 1440/850/1318 1443/851/1321 1473/884/1351 
f 1474/885/1352 1472/886/1350 1471/883/1349 1473/884/1351 
f 1473/884/1351 1443/851/1321 1446/855/1324 1475/887/1353 
f 1476/888/1354 1474/885/1352 1473/884/1351 1475/887/1353 
f 1475/887/1353 1446/855/1324 1449/858/1327 1477/889/1355 
f 1478/890/1356 1476/888/1354 1475/887/1353 1477/889/1355 
f 1477/889/1355 1449/858/1327 1452/861/1330 1479/891/1357 
f 1480/892/1358 1478/890/1356 1477/889/1355 1479/891/1357 
f 1479/891/1357 1452/861/1330 1455/864/1333 1459/869/1337 
f 1458/870/1336 1480/892/1358 1479/891/1357 1459/869/1337 
f 1424/829/1302 1460/868/1338 1459/869/1337 1455/864/1333 
f 1481/893/1359 1482/896/1360 1483/895/1361 1484/894/1362 
f 1484/894/1362 1457/867/1335 1462/872/1340 1485/897/1363 
f 1486/898/1364 1481/893/1359 1484/894/1362 1485/897/1363 
f 1485/897/1363 1462/872/1340 1464/874/1342 1487/899/1365 
f 1488/900/1366 1486/898/1364 1485/897/1363 1487/899/1365 
f 1487/899/1365 1464/874/1342 1466/876/1344 1489/901/1367 
f 1490/902/1368 1488/900/1366 1487/899/1365 1489/901/1367 
f 1489/901/1367 1466/876/1344 1468/878/1346 1491/903/1369 
f 1492/904/1370 1490/902/1368 1489/901/1367 1491/903/1369 
f 1491/903/1369 1468/878/1346 1470/880/1348 1493/905/1371 
f 1494/906/1372 1492/904/1370 1491/903/1369 1493/905/1371 
f 1493/905/1371 1470/880/1348 1472/882/1350 1495/907/1373 
f 1496/908/1374 1494/906/1372 1493/905/1371 1495/907/1373 
f 1495/909/1373 1472/886/1350 1474/885/1352 1497/910/1375 
f 1498/911/1376 1496/912/1374 1495/909/1373 1497/910/1375 
f 1497/910/1375 1474/885/1352 1476/888/1354 1499/913/1377 
f 1500/914/1378 1498/911/1376 1497/910/1375 1499/913/1377 
f 1499/913/1377 1476/888/1354 1478/890/1356 1501/915/1379 
f 1502/916/1380 1500/914/1378 1499/913/1377 1501/915/1379 
f 1501/915/1379 1478/890/1356 1480/892/1358 1503/917/1381 
f 1504/918/1382 1502/916/1380 1501/915/1379 1503/917/1381 
f 1503/917/1381 1480/892/1358 1458/870/1336 1483/895/1361 
f 1482/896/1360 1504/918/1382 1503/917/1381 1483/895/1361 
f 1457/867/1335 1484/894/1362 1483/895/1361 1458/870/1336 
f 1505/919/1383 1506/922/1384 1507/921/1385 1508/920/1386 
f 1508/920/1386 1481/893/1359 1486/898/1364 1509/923/1387 
f 1510/924/1388 1505/919/1383 1508/920/1386 1509/923/1387 
f 1509/923/1387 1486/898/1364 1488/900/1366 1511/925/1389 
f 1512/926/1390 1510/924/1388 1509/923/1387 1511/925/1389 
f 1511/925/1389 1488/900/1366 1490/902/1368 1513/927/1391 
f 1514/928/1392 1512/926/1390 1511/925/1389 1513/927/1391 
f 1513/927/1391 1490/902/1368 1492/904/1370 1515/929/1393 
f 1516/930/1394 1514/928/1392 1513/927/1391 1515/929/1393 
f 1515/929/1393 1492/904/1370 1494/906/1372 1517/931/1395 
f 1518/932/1396 1516/930/1394 1515/929/1393 1517/931/1395 
f 1517/931/1395 1494/906/1372 1496/908/1374 1519/933/1397 
f 1520/934/1398 1518/932/1396 1517/931/1395 1519/933/1397 
f 1519/935/1397 1496/912/1374 1498/911/1376 1521/936/1399 
f 1522/937/1400 1520/938/1398 1519/935/1397 1521/936/1399 
f 1521/936/1399 1498/911/1376 1500/914/1378 1523/939/1401 
f 1524/940/1402 1522/937/1400 1521/936/1399 1523/939/1401 
f 1523/939/1401 1500/914/1378 1502/916/1380 1525/941/1403 
f 1526/942/1404 1524/940/1402 1523/939/1401 1525/941/1403 
f 1525/941/1403 1502/916/1380 1504/918/1382 1527/943/1405 
f 1528/944/1406 1526/942/1404 1525/941/1403 1527/943/1405 
f 1527/943/1405 1504/918/1382 1482/896/1360 1507/921/1385 
f 1506/922/1384 1528/944/1406 1527/943/1405 1507/921/1385 
f 1481/893/1359 1508/920/1386 1507/921/1385 1482/896/1360 
f 1529/945/1407 1530/948/1408 1531/947/1409 1532/946/1410 
f 1532/946/1410 1505/919/1383 1510/924/1388 1533/949/1411 
f 1534/950/1412 1529/945/1407 1532/946/1410 1533/949/1411 
f 1533/949/1411 1510/924/1388 1512/926/1390 1535/951/1413 
f 1536/952/1414 1534/950/1412 1533/949/1411 1535/951/1413 
f 1535/951/1413 1512/926/1390 1514/928/1392 1537/953/1415 
f 1538/954/1416 1536/952/1414 1535/951/1413 1537/953/1415 
f 1537/953/1415 1514/928/1392 1516/930/1394 1539/955/1417 
f 1540/956/1418 1538/954/1416 1537/953/1415 1539/955/1417 
f 1539/955/1417 1516/930/1394 1518/932/1396 1541/957/1419 
f 1542/958/1420 1540/956/1418 1539/955/1417 1541/957/1419 
f 1541/957/1419 1518/932/1396 1520/934/1398 1543/959/1421 
f 1544/960/1422 1542/958/1420 1541/957/1419 1543/959/1421 
f 1543/961/1421 1520/938/1398 1522/937/1400 1545/962/1423 
f 1546/963/1424 1544/964/1422 1543/961/1421 1545/962/1423 
f 1545/962/1423 1522/937/1400 1524/940/1402 1547/965/1425 
f 1548/966/1426 1546/963/1424 1545/962/1423 1547/965/1425 
f 1547/965/1425 1524/940/1402 1526/942/1404 1549/967/1427 
f 1550/968/1428 1548/966/1426 1547/965/1425 1549/967/1427 
f 1549/967/1427 1526/942/1404 1528/944/1406 1551/969/1429 
f 1552/970/1430 1550/968/1428 1549/967/1427 1551/969/1429 
f 1551/969/1429 1528/944/1406 1506/922/1384 1531/947/1409 
f 1530/948/1408 1552/970/1430 1551/969/1429 1531/947/1409 
f 1505/919/1383 1532/946/1410 1531/947/1409 1506/922/1384 
f 1553/971/1431 1554/974/1432 1555/973/1433 1556/972/1434 
f 1556/972/1434 1529/945/1407 1534/950/1412 1557/975/1435 
f 1558/976/1436 1553/971/1431 1556/972/1434 1557/975/1435 
f 1557/975/1435 1534/950/1412 1536/952/1414 1559/977/1437 
f 1560/978/1438 1558/976/1436 1557/975/1435 1559/977/1437 
f 1559/977/1437 1536/952/1414 1538/954/1416 1561/979/1439 
f 1562/980/1440 1560/978/1438 1559/977/1437 1561/979/1439 
f 1561/979/1439 1538/954/1416 1540/956/1418 1563/981/1441 
f 1564/982/1442 1562/980/1440 1561/979/1439 1563/981/1441 
f 1563/981/1441 1540/956/1418 1542/958/1420 1565/983/1443 
f 1566/984/1444 1564/982/1442 1563/981/1441 1565/983/1443 
f 1565/983/1443 1542/958/1420 1544/960/1422 1567/985/1445 
f 1568/986/1446 1566/984/1444 1565/983/1443 1567/985/1445 
f 1567/987/1445 1544/964/1422 1546/963/1424 1569/988/1447 
f 1570/989/1448 1568/990/1446 1567/987/1445 1569/988/1447 
f 1569/988/1447 1546/963/1424 1548/966/1426 1571/991/1449 
f 1572/992/1450 1570/989/1448 1569/988/1447 1571/991/1449 
f 1571/991/1449 1548/966/1426 1550/968/1428 1573/993/1451 
f 1574/994/1452 1572/992/1450 1571/991/1449 1573/993/1451 
f 1573/993/1451 1550/968/1428 1552/970/1430 1575/995/1453 
f 1576/996/1454 1574/994/1452 1573/993/1451 1575/995/1453 
f 1575/995/1453 1552/970/1430 1530/948/1408 1555/973/1433 
f 1554/974/1432 1576/996/1454 1575/995/1453 1555/973/1433 
f 1529/945/1407 1556/972/1434 1555/973/1433 1530/948/1408 
f 1577/997/1455 1578/998/1456 1554/974/1432 1553/971/1431 
f 1579/999/1457 1577/997/1455 1553/971/1431 1558/976/1436 
f 1580/1000/1458 1579/999/1457 1558/976/1436 1560/978/1438 
f 1581/1001/1459 1580/1000/1458 1560/978/1438 1562/980/1440 
f 1582/1002/1460 1581/1001/1459 1562/980/1440 1564/982/1442 
f 1583/1003/1461 1582/1002/1460 1564/982/1442 1566/984/1444 
f 1584/1004/1462 1583/1003/1461 1566/984/1444 1568/986/1446 
f 1585/1005/1463 1584/1006/1462 1568/990/1446 1570/989/1448 
f 1586/1007/1464 1585/1005/1463 1570/989/1448 1572/992/1450 
f 1587/1008/1465 1586/1007/1464 1572/992/1450 1574/994/1452 
f 1588/1009/1466 1587/1008/1465 1574/994/1452 1576/996/1454 
f 1578/998/1456 1588/1009/1466 1576/996/1454 1554/974/1432 
f 1589/1010/1467 1590/1011/1468 1578/998/1456 1577/997/1455 
f 1591/1012/1469 1589/1010/1467 1577/997/1455 1579/999/1457 
f 1592/1013/1470 1591/1012/1469 1579/999/1457 1580/1000/1458 
f 1593/1014/1471 1592/1013/1470 1580/1000/1458 1581/1001/1459 
f 1594/1015/1472 1593/1014/1471 1581/1001/1459 1582/1002/1460 
f 1595/1016/1473 1594/1015/1472 1582/1002/1460 1583/1003/1461 
f 1596/1017/1474 1595/1016/1473 1583/1003/1461 1584/1004/1462 
f 1597/1018/1475 1596/1019/1474 1584/1006/1462 1585/1005/1463 
f 1598/1020/1476 1597/1018/1475 1585/1005/1463 1586/1007/1464 
f 1599/1021/1477 1598/1020/1476 1586/1007/1464 1587/1008/1465 
f 1600/1022/1478 1599/1021/1477 1587/1008/1465 1588/1009/1466 
f 1590/1011/1468 1600/1022/1478 1588/1009/1466 1578/998/1456 
f 1589/1010/1467 1591/1012/1469 1601/1024/1479 1602/1023/1480 
f 1591/1012/1469 1592/1013/1470 1603/1025/1481 1601/1024/1479 
f 1592/1013/1470 1593/1014/1471 1604/1026/1482 1603/1025/1481 
f 1593/1014/1471 1594/1015/1472 1605/1027/1483 1604/1026/1482 
f 1594/1015/1472 1595/1016/1473 1606/1028/1484 1605/1027/1483 
f 1595/1016/1473 1596/1017/1474 1607/1029/1485 1606/1028/1484 
f 1596/1019/1474 1597/1018/1475 1608/1031/1486 1607/1030/1485 
f 1597/1018/1475 1598/1020/1476 1609/1032/1487 1608/1031/1486 
f 1598/1020/1476 1599/1021/1477 1610/1033/1488 1609/1032/1487 
f 1599/1021/1477 1600/1022/1478 1611/1034/1489 1610/1033/1488 
f 1600/1022/1478 1590/1011/1468 1612/1035/1490 1611/1034/1489 
f 1590/1011/1468 1589/1010/1467 1602/1023/1480 1612/1035/1490 
f 1602/1548/1480 1188/1549/1066 1187/1550/1065 1612/1551/1490 
f 1603/1552/1481 1613/1553/1491 1614/1554/1492 1601/1555/1479 
f 1615/1556/1493 1613/1553/1491 1603/1552/1481 1604/1557/1482 
f 1605/1046/1483 1616/1049/1494 1617/1048/1495 1604/1047/1482 
f 1618/1050/1496 1616/1049/1494 1605/1046/1483 
f 1606/1558/1484 1607/1559/1485 1619/1560/1497 1620/1561/1498 
f 1621/1562/1499 1622/1563/1500 1607/1559/1485 1608/1564/1486 
f 1623/1565/1501 1621/1562/1499 1608/1564/1486 1609/1566/1487 
f 1624/1567/1502 1623/1565/1501 1609/1566/1487 1610/1568/1488 
f 1611/1569/1489 1189/1570/1067 1624/1567/1502 1610/1568/1488 
f 1612/1551/1490 1187/1550/1065 1189/1570/1067 1611/1569/1489 
f 1122/1571/1000 1625/1572/1503 1622/1563/1500 
f 1118/1416/996 1621/1562/1499 1623/1565/1501 1116/1414/994 
f 1623/1565/1501 1624/1567/1502 1112/1410/990 1116/1414/994 
f 1624/1567/1502 1189/1570/1067 1113/1411/991 1112/1410/990 
f 1189/535/1067 1182/527/1060 1183/528/1061 1113/540/991 
f 1619/1560/1497 1417/1539/1295 1420/1546/1298 1620/1561/1498 
f 1617/1048/1495 1616/1049/1494 1333/718/1211 1331/714/1209 
f 1418/1542/1296 1616/1573/1494 1618/1574/1496 1419/1543/1297 
f 1620/1561/1498 1420/1546/1298 1419/1543/1297 1618/1575/1496 
f 1330/713/1208 1626/1069/1504 1617/1048/1495 1331/714/1209 
f 1613/1553/1491 1615/1556/1493 1252/1576/1130 1254/1577/1132 
f 1614/1554/1492 1253/1578/1131 1256/1579/1134 1627/1580/1505 
f 1254/618/1132 1252/616/1130 1249/612/1127 1248/613/1126 
f 1192/1075/1070 1191/1077/1069 1628/1076/1506 
f 1629/1078/1507 1628/1076/1506 1630/1080/1508 1631/1079/1509 
f 1191/1077/1069 1632/1081/1510 1630/1080/1508 1628/1076/1506 
f 1190/537/1068 1181/525/1059 1188/533/1066 1633/1082/1511 
f 1632/1081/1510 1191/536/1069 1190/537/1068 1633/1082/1511 
f 1634/1083/1512 1633/1086/1511 1627/1085/1505 1635/1084/1513 
f 1632/1081/1510 1633/1082/1511 1634/1083/1512 1630/1080/1508 
f 1630/1080/1508 1634/1083/1512 1635/1084/1513 1631/1079/1509 
f 1256/1579/1134 1636/1581/1514 1635/1582/1513 1627/1580/1505 
f 1132/1432/1010 1631/1583/1509 1635/1582/1513 1636/1581/1514 
f 1133/1433/1011 1132/1432/1010 1636/1581/1514 1256/1584/1134 
f 1626/1585/1504 1251/1586/1129 1252/1576/1130 1615/1556/1493 
f 1625/1572/1503 1122/1420/1000 1121/1419/999 1416/1538/1294 
f 1619/1560/1497 1625/1572/1503 1416/1538/1294 1417/1539/1295 
f 1353/1462/1231 1357/1472/1235 1352/1587/1230 
f 1345/1451/1223 1349/1588/1227 1346/1452/1224 
f 1251/719/1129 1255/619/1133 1250/620/1128 
f 1626/1585/1504 1330/1589/1208 1251/1586/1129 
f 1254/1577/1132 1253/1578/1131 1614/1554/1492 1613/1553/1491 
f 1620/1561/1498 1618/1575/1496 1605/1590/1483 1606/1558/1484 
f 1626/1069/1504 1604/1047/1482 1617/1048/1495 
f 1626/1585/1504 1615/1556/1493 1604/1557/1482 
f 1616/1591/1494 1418/1544/1296 1334/1540/1212 1333/1592/1211 
f 1627/1580/1505 1602/1593/1480 1601/1555/1479 1614/1554/1492 
f 1633/1086/1511 1188/1404/1066 1602/1403/1480 1627/1085/1505 
f 1123/1422/1001 1631/1583/1509 1132/1432/1010 1128/1428/1006 
f 1629/1078/1507 1114/1406/992 1192/1405/1070 1628/1076/1506 
f 1629/1594/1507 1631/1583/1509 1123/1422/1001 1114/1412/992 
f 1133/623/1011 1253/617/1131 1247/606/1125 1241/607/1119 
f 1122/1595/1000 1118/1416/996 1119/1417/997 
f 1118/1416/996 1122/1596/1000 1622/1563/1500 1621/1562/1499 
f 1622/1563/1500 1625/1572/1503 1619/1560/1497 1607/1559/1485 
f 1637/1/1515 1638/4/1516 1639/3/1517 1640/2/1518 
f 1640/2/1518 1639/3/1517 1641/6/1519 1642/5/1520 
f 1642/5/1520 1641/6/1519 1643/8/1521 1644/7/1522 
f 1644/7/1522 1643/8/1521 1645/10/1523 1646/9/1524 
f 1646/9/1524 1645/10/1523 1647/12/1525 1648/11/1526 
f 1648/11/1526 1647/12/1525 1649/14/1527 1650/13/1528 
f 1650/13/1528 1649/14/1527 1651/16/1529 1652/15/1530 
f 1652/15/1530 1651/16/1529 1653/18/1531 1654/17/1532 
f 1654/19/1532 1653/22/1531 1655/21/1533 1656/20/1534 
f 1656/20/1534 1655/21/1533 1657/24/1535 1658/23/1536 
f 1658/23/1536 1657/24/1535 1659/26/1537 1660/25/1538 
f 1660/25/1538 1659/26/1537 1661/28/1539 1662/27/1540 
f 1662/27/1540 1661/28/1539 1638/4/1516 1637/1/1515 
f 1663/29/1541 1664/32/1541 1665/31/1542 1666/30/1542 
f 1667/33/1543 1668/34/1543 1664/32/1541 1663/29/1541 
f 1669/35/1544 1670/38/1544 1668/37/1543 1667/36/1543 
f 1671/39/1545 1672/40/1545 1670/38/1544 1669/35/1544 
f 1673/41/1546 1674/42/1546 1672/40/1545 1671/39/1545 
f 1675/43/1547 1676/44/1547 1674/42/1546 1673/41/1546 
f 1677/45/1548 1678/46/1548 1676/44/1547 1675/43/1547 
f 1679/47/1549 1680/48/1549 1678/46/1548 1677/45/1548 
f 1681/49/1550 1682/50/1550 1680/48/1549 1679/47/1549 
f 1683/51/1551 1684/52/1551 1682/50/1550 1681/49/1550 
f 1685/53/1552 1686/54/1552 1684/52/1551 1683/51/1551 
f 1687/55/1553 1688/56/1553 1686/54/1552 1685/53/1552 
f 1666/30/1542 1665/31/1542 1688/56/1553 1687/55/1553 
f 1689/57/1541 1663/29/1541 1666/30/1542 1690/58/1542 
f 1691/59/1543 1667/33/1543 1663/29/1541 1689/57/1541 
f 1692/60/1544 1669/35/1544 1667/36/1543 1691/61/1543 
f 1693/62/1545 1671/39/1545 1669/35/1544 1692/60/1544 
f 1694/63/1546 1673/41/1546 1671/39/1545 1693/62/1545 
f 1695/64/1547 1675/43/1547 1673/41/1546 1694/63/1546 
f 1696/65/1548 1677/45/1548 1675/43/1547 1695/64/1547 
f 1697/66/1549 1679/47/1549 1677/45/1548 1696/65/1548 
f 1698/67/1550 1681/49/1550 1679/47/1549 1697/66/1549 
f 1699/68/1551 1683/51/1551 1681/49/1550 1698/67/1550 
f 1700/69/1552 1685/53/1552 1683/51/1551 1699/68/1551 
f 1701/70/1553 1687/55/1553 1685/53/1552 1700/69/1552 
f 1690/58/1542 1666/30/1542 1687/55/1553 1701/70/1553 
f 1702/71/1541 1689/57/1541 1690/58/1542 1703/72/1542 
f 1704/73/1543 1691/59/1543 1689/57/1541 1702/71/1541 
f 1705/74/1544 1692/60/1544 1691/61/1543 1704/75/1543 
f 1706/76/1545 1693/62/1545 1692/60/1544 1705/74/1544 
f 1707/77/1546 1694/63/1546 1693/62/1545 1706/76/1545 
f 1708/78/1547 1695/64/1547 1694/63/1546 1707/77/1546 
f 1709/79/1548 1696/65/1548 1695/64/1547 1708/78/1547 
f 1710/80/1549 1697/66/1549 1696/65/1548 1709/79/1548 
f 1711/81/1550 1698/67/1550 1697/66/1549 1710/80/1549 
f 1712/82/1551 1699/68/1551 1698/67/1550 1711/81/1550 
f 1713/83/1552 1700/69/1552 1699/68/1551 1712/82/1551 
f 1714/84/1553 1701/70/1553 1700/69/1552 1713/83/1552 
f 1703/72/1542 1690/58/1542 1701/70/1553 1714/84/1553 
f 1715/85/1541 1702/71/1541 1703/72/1542 1716/86/1542 
f 1717/87/1543 1704/73/1543 1702/71/1541 1715/85/1541 
f 1718/88/1544 1705/74/1544 1704/75/1543 1717/89/1543 
f 1719/90/1545 1706/76/1545 1705/74/1544 1718/88/1544 
f 1720/91/1546 1707/77/1546 1706/76/1545 1719/90/1545 
f 1721/92/1547 1708/78/1547 1707/77/1546 1720/91/1546 
f 1722/93/1548 1709/79/1548 1708/78/1547 1721/92/1547 
f 1723/94/1549 1710/80/1549 1709/79/1548 1722/93/1548 
f 1724/95/1550 1711/81/1550 1710/80/1549 1723/94/1549 
f 1725/96/1551 1712/82/1551 1711/81/1550 1724/95/1550 
f 1726/97/1552 1713/83/1552 1712/82/1551 1725/96/1551 
f 1727/98/1553 1714/84/1553 1713/83/1552 1726/97/1552 
f 1716/86/1542 1703/72/1542 1714/84/1553 1727/98/1553 
f 1728/99/1541 1715/85/1541 1716/86/1542 1729/100/1542 
f 1730/101/1543 1717/87/1543 1715/85/1541 1728/99/1541 
f 1731/102/1544 1718/88/1544 1717/89/1543 1730/103/1543 
f 1732/104/1545 1719/90/1545 1718/88/1544 1731/102/1544 
f 1733/105/1546 1720/91/1546 1719/90/1545 1732/104/1545 
f 1734/106/1547 1721/92/1547 1720/91/1546 1733/105/1546 
f 1735/107/1548 1722/93/1548 1721/92/1547 1734/106/1547 
f 1736/108/1549 1723/94/1549 1722/93/1548 1735/107/1548 
f 1737/109/1550 1724/95/1550 1723/94/1549 1736/108/1549 
f 1738/110/1551 1725/96/1551 1724/95/1550 1737/109/1550 
f 1739/111/1552 1726/97/1552 1725/96/1551 1738/110/1551 
f 1740/112/1553 1727/98/1553 1726/97/1552 1739/111/1552 
f 1729/100/1542 1716/86/1542 1727/98/1553 1740/112/1553 
f 1741/113/1554 1728/99/1541 1729/100/1542 1742/114/1555 
f 1743/115/1556 1730/101/1543 1728/99/1541 1741/113/1554 
f 1744/116/1557 1731/102/1544 1730/103/1543 1743/117/1556 
f 1745/118/1558 1732/104/1545 1731/102/1544 1744/116/1557 
f 1746/119/1559 1733/105/1546 1732/104/1545 1745/118/1558 
f 1747/120/1560 1734/106/1547 1733/105/1546 1746/119/1559 
f 1748/121/1561 1735/107/1548 1734/106/1547 1747/120/1560 
f 1749/122/1562 1736/108/1549 1735/107/1548 1748/121/1561 
f 1750/123/1563 1737/109/1550 1736/108/1549 1749/122/1562 
f 1751/124/1564 1738/110/1551 1737/109/1550 1750/123/1563 
f 1752/125/1565 1739/111/1552 1738/110/1551 1751/124/1564 
f 1753/126/1566 1740/112/1553 1739/111/1552 1752/125/1565 
f 1742/114/1555 1729/100/1542 1740/112/1553 1753/126/1566 
f 1754/127/1567 1741/113/1554 1742/114/1555 1755/128/1568 
f 1756/129/1569 1743/115/1556 1741/113/1554 1754/127/1567 
f 1757/130/1570 1744/116/1557 1743/117/1556 1756/131/1569 
f 1758/132/1571 1745/118/1558 1744/116/1557 1757/130/1570 
f 1759/133/1572 1746/119/1559 1745/118/1558 1758/132/1571 
f 1760/134/1573 1747/120/1560 1746/119/1559 1759/133/1572 
f 1761/135/1574 1748/121/1561 1747/120/1560 1760/134/1573 
f 1762/136/1575 1749/122/1562 1748/121/1561 1761/135/1574 
f 1763/137/1576 1750/123/1563 1749/122/1562 1762/136/1575 
f 1764/138/1577 1751/124/1564 1750/123/1563 1763/137/1576 
f 1765/139/1578 1752/125/1565 1751/124/1564 1764/138/1577 
f 1766/140/1579 1753/126/1566 1752/125/1565 1765/139/1578 
f 1755/128/1568 1742/114/1555 1753/126/1566 1766/140/1579 
f 1767/141/1580 1754/127/1567 1755/128/1568 1768/142/1581 
f 1769/143/1582 1756/129/1569 1754/127/1567 1767/141/1580 
f 1770/144/1583 1757/130/1570 1756/131/1569 1769/145/1582 
f 1771/146/1584 1758/132/1571 1757/130/1570 1770/144/1583 
f 1772/147/1585 1759/133/1572 1758/132/1571 1771/146/1584 
f 1773/148/1586 1760/134/1573 1759/133/1572 1772/147/1585 
f 1774/149/1587 1761/135/1574 1760/134/1573 1773/148/1586 
f 1775/150/1588 1762/136/1575 1761/135/1574 1774/149/1587 
f 1776/151/1589 1763/137/1576 1762/136/1575 1775/150/1588 
f 1777/152/1590 1764/138/1577 1763/137/1576 1776/151/1589 
f 1778/153/1591 1765/139/1578 1764/138/1577 1777/152/1590 
f 1779/154/1592 1766/140/1579 1765/139/1578 1778/153/1591 
f 1768/142/1581 1755/128/1568 1766/140/1579 1779/154/1592 
f 1780/155/1593 1767/141/1580 1768/142/1581 1781/156/1594 
f 1782/157/1595 1769/143/1582 1767/141/1580 1780/155/1593 
f 1783/158/1596 1770/144/1583 1769/145/1582 1782/159/1595 
f 1784/160/1597 1771/146/1584 1770/144/1583 1783/158/1596 
f 1785/161/1598 1772/147/1585 1771/146/1584 1784/160/1597 
f 1786/162/1599 1773/148/1586 1772/147/1585 1785/161/1598 
f 1787/163/1600 1774/149/1587 1773/148/1586 1786/162/1599 
f 1788/164/1601 1775/150/1588 1774/149/1587 1787/163/1600 
f 1789/165/1602 1776/151/1589 1775/150/1588 1788/164/1601 
f 1790/166/1603 1777/152/1590 1776/151/1589 1789/165/1602 
f 1791/167/1604 1778/153/1591 1777/152/1590 1790/166/1603 
f 1792/168/1605 1779/154/1592 1778/153/1591 1791/167/1604 
f 1781/156/1594 1768/142/1581 1779/154/1592 1792/168/1605 
f 1793/169/1606 1780/155/1593 1781/156/1594 1794/170/1607 
f 1795/171/1608 1782/157/1595 1780/155/1593 1793/169/1606 
f 1796/172/1609 1783/158/1596 1782/159/1595 1795/173/1608 
f 1797/174/1610 1784/160/1597 1783/158/1596 1796/172/1609 
f 1798/175/1611 1785/161/1598 1784/160/1597 1797/174/1610 
f 1799/176/1612 1786/162/1599 1785/161/1598 1798/175/1611 
f 1800/177/1613 1787/163/1600 1786/162/1599 1799/176/1612 
f 1801/178/1614 1788/164/1601 1787/163/1600 1800/177/1613 
f 1802/179/1615 1789/165/1602 1788/164/1601 1801/178/1614 
f 1803/180/1616 1790/166/1603 1789/165/1602 1802/179/1615 
f 1804/181/1617 1791/167/1604 1790/166/1603 1803/180/1616 
f 1805/182/1618 1792/168/1605 1791/167/1604 1804/181/1617 
f 1794/170/1607 1781/156/1594 1792/168/1605 1805/182/1618 
f 1806/183/1619 1793/169/1606 1794/170/1607 1807/184/1620 
f 1808/185/1621 1795/171/1608 1793/169/1606 1806/183/1619 
f 1809/186/1622 1796/172/1609 1795/173/1608 1808/187/1621 
f 1810/188/1623 1797/174/1610 1796/172/1609 1809/186/1622 
f 1811/189/1624 1798/175/1611 1797/174/1610 1810/188/1623 
f 1812/190/1625 1799/176/1612 1798/175/1611 1811/189/1624 
f 1813/191/1626 1800/177/1613 1799/176/1612 1812/190/1625 
f 1814/192/1627 1801/178/1614 1800/177/1613 1813/191/1626 
f 1815/193/1628 1802/179/1615 1801/178/1614 1814/192/1627 
f 1816/194/1629 1803/180/1616 1802/179/1615 1815/193/1628 
f 1817/195/1630 1804/181/1617 1803/180/1616 1816/194/1629 
f 1818/196/1631 1805/182/1618 1804/181/1617 1817/195/1630 
f 1807/184/1620 1794/170/1607 1805/182/1618 1818/196/1631 
f 1819/197/1632 1806/183/1619 1807/184/1620 1820/198/1633 
f 1821/199/1634 1808/185/1621 1806/183/1619 1819/197/1632 
f 1822/200/1635 1809/186/1622 1808/187/1621 1821/201/1634 
f 1823/202/1636 1810/188/1623 1809/186/1622 1822/200/1635 
f 1824/203/1637 1811/189/1624 1810/188/1623 1823/202/1636 
f 1825/204/1638 1812/190/1625 1811/189/1624 1824/203/1637 
f 1826/205/1639 1813/191/1626 1812/190/1625 1825/204/1638 
f 1827/206/1640 1814/192/1627 1813/191/1626 1826/205/1639 
f 1828/207/1641 1815/193/1628 1814/192/1627 1827/206/1640 
f 1829/208/1642 1816/194/1629 1815/193/1628 1828/207/1641 
f 1830/209/1643 1817/195/1630 1816/194/1629 1829/208/1642 
f 1831/210/1644 1818/196/1631 1817/195/1630 1830/209/1643 
f 1820/198/1633 1807/184/1620 1818/196/1631 1831/210/1644 
f 1832/211/1632 1819/197/1632 1820/198/1633 1833/212/1633 
f 1834/213/1634 1821/199/1634 1819/197/1632 1832/211/1632 
f 1835/214/1645 1822/200/1635 1821/201/1634 1834/215/1634 
f 1836/216/1646 1823/202/1636 1822/200/1635 1835/214/1645 
f 1837/217/1637 1824/203/1637 1823/202/1636 1836/216/1646 
f 1838/218/1638 1825/204/1638 1824/203/1637 1837/217/1637 
f 1839/219/1639 1826/205/1639 1825/204/1638 1838/218/1638 
f 1840/220/1640 1827/206/1640 1826/205/1639 1839/219/1639 
f 1841/221/1641 1828/207/1641 1827/206/1640 1840/220/1640 
f 1842/222/1642 1829/208/1642 1828/207/1641 1841/221/1641 
f 1843/223/1643 1830/209/1643 1829/208/1642 1842/222/1642 
f 1844/224/1647 1831/210/1644 1830/209/1643 1843/223/1643 
f 1833/212/1633 1820/198/1633 1831/210/1644 1844/224/1647 
f 1845/225/1632 1832/211/1632 1833/212/1633 1846/226/1633 
f 1847/227/1634 1834/213/1634 1832/211/1632 1845/225/1632 
f 1848/228/1635 1835/214/1645 1834/215/1634 1847/229/1634 
f 1849/230/1646 1836/216/1646 1835/214/1645 1848/228/1635 
f 1850/231/1637 1837/217/1637 1836/216/1646 1849/230/1646 
f 1851/232/1638 1838/218/1638 1837/217/1637 1850/231/1637 
f 1852/233/1639 1839/219/1639 1838/218/1638 1851/232/1638 
f 1853/234/1640 1840/220/1640 1839/219/1639 1852/233/1639 
f 1854/235/1641 1841/221/1641 1840/220/1640 1853/234/1640 
f 1855/236/1642 1842/222/1642 1841/221/1641 1854/235/1641 
f 1856/237/1643 1843/223/1643 1842/222/1642 1855/236/1642 
f 1857/238/1648 1844/224/1647 1843/223/1643 1856/237/1643 
f 1846/226/1633 1833/212/1633 1844/224/1647 1857/238/1648 
f 1655/21/1533 1845/225/1632 1846/226/1633 1657/24/1535 
f 1653/22/1531 1847/227/1634 1845/225/1632 1655/21/1533 
f 1651/16/1529 1848/228/1635 1847/229/1634 1653/18/1531 
f 1649/14/1527 1849/230/1646 1848/228/1635 1651/16/1529 
f 1647/12/1525 1850/231/1637 1849/230/1646 1649/14/1527 
f 1645/10/1523 1851/232/1638 1850/231/1637 1647/12/1525 
f 1643/8/1521 1852/233/1639 1851/232/1638 1645/10/1523 
f 1641/6/1519 1853/234/1640 1852/233/1639 1643/8/1521 
f 1639/3/1517 1854/235/1641 1853/234/1640 1641/6/1519 
f 1638/4/1516 1855/236/1642 1854/235/1641 1639/3/1517 
f 1661/28/1539 1856/237/1643 1855/236/1642 1638/4/1516 
f 1659/26/1537 1857/238/1648 1856/237/1643 1661/28/1539 
f 1657/24/1535 1846/226/1633 1857/238/1648 1659/26/1537 
f 1640/2/1518 1858/240/1649 1859/239/1650 1637/1/1515 
f 1642/5/1520 1860/241/1651 1858/240/1649 1640/2/1518 
f 1644/7/1522 1861/242/1652 1860/241/1651 1642/5/1520 
f 1646/9/1524 1862/243/1653 1861/242/1652 1644/7/1522 
f 1648/11/1526 1863/244/1654 1862/243/1653 1646/9/1524 
f 1650/13/1528 1864/245/1655 1863/244/1654 1648/11/1526 
f 1652/15/1530 1865/246/1656 1864/245/1655 1650/13/1528 
f 1654/17/1532 1866/247/1657 1865/246/1656 1652/15/1530 
f 1656/20/1534 1867/249/1658 1866/248/1657 1654/19/1532 
f 1658/23/1536 1868/250/1659 1867/249/1658 1656/20/1534 
f 1660/25/1538 1869/251/1660 1868/250/1659 1658/23/1536 
f 1662/27/1540 1870/252/1661 1869/251/1660 1660/25/1538 
f 1637/1/1515 1859/239/1650 1870/252/1661 1662/27/1540 
f 1858/240/1649 1871/254/1662 1872/253/1663 1859/239/1650 
f 1860/241/1651 1873/255/1664 1871/254/1662 1858/240/1649 
f 1861/242/1652 1874/256/1665 1873/255/1664 1860/241/1651 
f 1862/243/1653 1875/257/1666 1874/256/1665 1861/242/1652 
f 1863/244/1654 1876/258/1667 1875/257/1666 1862/243/1653 
f 1864/245/1655 1877/259/1668 1876/258/1667 1863/244/1654 
f 1865/246/1656 1878/260/1669 1877/259/1668 1864/245/1655 
f 1866/247/1657 1879/261/1670 1878/260/1669 1865/246/1656 
f 1867/249/1658 1880/263/1671 1879/262/1670 1866/248/1657 
f 1868/250/1659 1881/264/1672 1880/263/1671 1867/249/1658 
f 1869/251/1660 1882/265/1673 1881/264/1672 1868/250/1659 
f 1870/252/1661 1883/266/1674 1882/265/1673 1869/251/1660 
f 1859/239/1650 1872/253/1663 1883/266/1674 1870/252/1661 
f 1876/267/1667 1884/270/1675 1885/269/1676 1875/268/1666 
f 1877/271/1668 1886/272/1677 1884/270/1675 1876/267/1667 
f 1878/273/1669 1887/274/1678 1886/272/1677 1877/271/1668 
f 1879/275/1670 1888/276/1679 1887/274/1678 1878/273/1669 
f 1880/277/1671 1889/280/1680 1888/279/1679 1879/278/1670 
f 1881/281/1672 1890/282/1681 1889/280/1680 1880/277/1671 
f 1882/283/1673 1891/284/1682 1890/282/1681 1881/281/1672 
f 1883/285/1674 1892/286/1683 1891/284/1682 1882/283/1673 
f 1893/287/1684 1894/290/1685 1895/289/1686 1896/288/1687 
f 1897/291/1688 1894/292/1685 1893/287/1684 
f 1898/293/1689 1899/294/1690 1894/292/1685 1897/291/1688 
f 1900/295/1691 1901/296/1692 1899/294/1690 1898/293/1689 
f 1902/297/1693 1903/300/1694 1901/299/1692 1900/298/1691 
f 1904/301/1695 1905/302/1696 1903/300/1694 1902/297/1693 
f 1906/303/1697 1907/304/1698 1905/302/1696 1904/301/1695 
f 1908/305/1699 1909/306/1700 1907/304/1698 1906/303/1697 
f 1899/307/1690 1910/309/1701 1895/289/1686 1894/308/1685 
f 1901/310/1692 1911/312/1702 1910/309/1701 1899/311/1690 
f 1903/313/1694 1912/314/1703 1911/312/1702 1901/310/1692 
f 1905/315/1696 1913/316/1704 1912/314/1703 1903/313/1694 
f 1907/304/1698 1909/318/1700 1913/317/1704 1905/302/1696 
f 1871/254/1662 1914/320/1705 1915/319/1706 1872/253/1663 
f 1873/255/1664 1916/321/1707 1914/320/1705 1871/254/1662 
f 1874/256/1665 1917/322/1708 1916/321/1707 1873/255/1664 
f 1875/268/1666 1917/322/1708 1874/256/1665 
f 1872/253/1663 1915/319/1706 1883/285/1674 
f 1918/323/1709 1919/326/1710 1920/325/1711 1921/324/1712 
f 1922/327/1713 1923/328/1714 1919/326/1710 1918/323/1709 
f 1924/329/1715 1925/330/1716 1923/328/1714 1922/327/1713 
f 1896/288/1687 1895/289/1686 1925/330/1716 1924/329/1715 
f 1921/324/1712 1920/325/1711 1909/306/1700 1908/305/1699 
f 1909/318/1700 1920/331/1711 1913/317/1704 
f 1913/316/1704 1920/325/1711 1919/326/1710 1912/314/1703 
f 1912/314/1703 1919/326/1710 1923/328/1714 1911/312/1702 
f 1911/312/1702 1923/328/1714 1925/330/1716 1910/309/1701 
f 1926/332/1717 1921/324/1712 1908/305/1699 1892/286/1683 
f 1927/333/1718 1918/323/1709 1921/324/1712 1926/332/1717 
f 1928/334/1719 1922/327/1713 1918/323/1709 1927/333/1718 
f 1929/335/1720 1924/329/1715 1922/327/1713 1928/334/1719 
f 1885/269/1676 1896/288/1687 1924/329/1715 1929/335/1720 
f 1884/270/1675 1893/287/1684 1896/288/1687 1885/269/1676 
f 1886/272/1677 1897/291/1688 1893/287/1684 1884/270/1675 
f 1887/274/1678 1898/293/1689 1897/291/1688 1886/272/1677 
f 1888/276/1679 1900/295/1691 1898/293/1689 1887/274/1678 
f 1889/280/1680 1902/297/1693 1900/298/1691 1888/279/1679 
f 1890/282/1681 1904/301/1695 1902/297/1693 1889/280/1680 
f 1891/284/1682 1906/303/1697 1904/301/1695 1890/282/1681 
f 1892/286/1683 1908/305/1699 1906/303/1697 1891/284/1682 
f 1910/309/1701 1925/330/1716 1895/289/1686 
f 1915/319/1706 1926/332/1717 1892/286/1683 1883/285/1674 
f 1914/320/1705 1927/333/1718 1926/332/1717 1915/319/1706 
f 1916/321/1707 1928/334/1719 1927/333/1718 1914/320/1705 
f 1917/322/1708 1929/335/1720 1928/334/1719 1916/321/1707 
f 1875/268/1666 1885/269/1676 1929/335/1720 1917/322/1708 
f 1072/1331/1721 1062/1318/1721 1065/1321/1721 1085/1346/1721 
f 1086/1347/1722 1088/1350/1722 1084/1345/1722 1083/1344/1722 
f 1071/1330/1723 1073/1332/1723 1070/1328/1723 1069/1327/1723 
f 1087/1597/1724 1082/1598/1724 1081/1599/1724 
f 1101/1374/1725 1930/1600/1725 1087/1601/1725 1081/1376/1725 
f 1051/1305/1726 1058/1313/1726 1075/1334/1726 1052/1306/1726 
f 1059/1314/1727 1061/1317/1727 1057/1312/1727 1056/1311/1727 
f 1930/1600/1728 1101/1374/1728 1074/1333/1728 1076/1335/1728 
f 1060/1602/1729 294/1603/1729 297/1604/1729 
f 1110/1393/1730 1930/1605/1730 1076/1606/1730 1111/1607/1730 
f 1111/1607/1731 1109/1392/1731 1110/1393/1731 
f 1091/1355/1732 1092/1356/1732 1090/1353/1732 1089/1352/1732 
f 1111/1395/1733 1090/1353/1733 1092/1356/1733 1109/1392/1733 
f 1110/1393/1734 1088/1350/1734 1087/1349/1734 1930/1605/1734 
f 1089/1352/1735 1058/1351/1735 1057/1608/1735 1106/1609/1735 
f 1108/1391/1736 1106/1387/1736 1107/1390/1736 
f 1072/1331/1737 1091/1355/1737 1108/1391/1737 1073/1332/1737 
f 1107/1390/1738 1061/1389/1738 1060/1329/1738 1070/1328/1738 
f 1089/1352/1739 1106/1609/1739 1108/1391/1739 1091/1355/1739 
f 1084/1345/1740 1109/1392/1740 1092/1356/1740 1085/1346/1740 
f 336/387/249 321/364/234 319/362/232 
f 336/387/249 308/350/221 311/353/224 
# 1840 polygons - 90 triangles

